,Dataset,Feature,Fold,Error Rate w/RV,Vanilla Error Rate,Incorrect Abstention Rate
0,CCT,knn,OoD Val,0.045189747003994675,0.6905792276964048,0.29136151797603194
1,CCT,knn,ind_test,0.07091346153846154,0.08653846153846154,0.1388221153846154
2,CCT,knn,OoD Test,0.044274300932090546,0.6940745672436751,0.287366844207723
3,CCT,knn,ind_test,0.07091346153846154,0.08653846153846154,0.1388221153846154
4,CCT,knn,OoD Val,0.046271637816245006,0.6905792276964048,0.29094540612516645
5,CCT,knn,ind_test,0.07091346153846154,0.08653846153846154,0.13521634615384615
6,CCT,knn,OoD Test,0.04552263648468709,0.6940745672436751,0.2867842876165113
7,CCT,knn,ind_test,0.07091346153846154,0.08653846153846154,0.13521634615384615
8,CCT,grad_magnitude,OoD Val,0.19607190412782957,0.6905792276964048,0.2197070572569907
9,CCT,grad_magnitude,ind_test,0.028846153846153848,0.08653846153846154,0.5889423076923077
10,CCT,grad_magnitude,OoD Test,0.19499001331557922,0.6940745672436751,0.22112183754993342
11,CCT,grad_magnitude,ind_test,0.028846153846153848,0.08653846153846154,0.5889423076923077
12,CCT,grad_magnitude,OoD Val,0.1977363515312916,0.6905792276964048,0.21920772303595207
13,CCT,grad_magnitude,ind_test,0.028846153846153848,0.08653846153846154,0.5859375
14,CCT,grad_magnitude,OoD Test,0.19598868175765646,0.6940745672436751,0.2204560585885486
15,CCT,grad_magnitude,ind_test,0.028846153846153848,0.08653846153846154,0.5859375
16,CCT,cross_entropy,OoD Val,0.1909121171770972,0.6905792276964048,0.22228695073235685
17,CCT,cross_entropy,ind_test,0.046875,0.08653846153846154,0.42367788461538464
18,CCT,cross_entropy,OoD Test,0.19540612516644473,0.6940745672436751,0.2206225033288948
19,CCT,cross_entropy,ind_test,0.046875,0.08653846153846154,0.42367788461538464
20,CCT,cross_entropy,OoD Val,0.1909121171770972,0.6905792276964048,0.22228695073235685
21,CCT,cross_entropy,ind_test,0.046875,0.08653846153846154,0.42367788461538464
22,CCT,cross_entropy,OoD Test,0.19540612516644473,0.6940745672436751,0.2206225033288948
23,CCT,cross_entropy,ind_test,0.046875,0.08653846153846154,0.42367788461538464
24,CCT,energy,OoD Val,0.21304926764314247,0.6905792276964048,0.2145472703062583
25,CCT,energy,ind_test,0.05889423076923077,0.08653846153846154,0.2770432692307692
26,CCT,energy,OoD Test,0.2103029294274301,0.6940745672436751,0.20880492676431425
27,CCT,energy,ind_test,0.05889423076923077,0.08653846153846154,0.2770432692307692
28,CCT,energy,OoD Val,0.21404793608521971,0.6905792276964048,0.2136318242343542
29,CCT,energy,ind_test,0.059495192307692304,0.08653846153846154,0.27403846153846156
30,CCT,energy,OoD Test,0.21188415446071904,0.6940745672436751,0.20772303595206393
31,CCT,energy,ind_test,0.059495192307692304,0.08653846153846154,0.27403846153846156
32,CCT,typicality,OoD Val,0.25099866844207724,0.6905792276964048,0.19657123834886817
33,CCT,typicality,ind_test,0.04567307692307692,0.08653846153846154,0.4483173076923077
34,CCT,typicality,OoD Test,0.24625499334221038,0.6940745672436751,0.19557256990679095
35,CCT,typicality,ind_test,0.04567307692307692,0.08653846153846154,0.4483173076923077
36,CCT,typicality,OoD Val,0.2396804260985353,0.6905792276964048,0.20114846870838882
37,CCT,typicality,ind_test,0.04326923076923077,0.08653846153846154,0.46274038461538464
38,CCT,typicality,OoD Test,0.23518641810918775,0.6940745672436751,0.20148135818908122
39,CCT,typicality,ind_test,0.04326923076923077,0.08653846153846154,0.46274038461538464
40,CCT,softmax,OoD Val,0.17601531291611186,0.6905792276964048,0.22636484687083888
41,CCT,softmax,ind_test,0.0546875,0.08653846153846154,0.32872596153846156
42,CCT,softmax,OoD Test,0.17518308921438083,0.6940745672436751,0.22877829560585886
43,CCT,softmax,ind_test,0.0546875,0.08653846153846154,0.32872596153846156
44,CCT,softmax,OoD Val,0.17601531291611186,0.6905792276964048,0.22636484687083888
45,CCT,softmax,ind_test,0.0546875,0.08653846153846154,0.32872596153846156
46,CCT,softmax,OoD Test,0.17518308921438083,0.6940745672436751,0.22877829560585886
47,CCT,softmax,ind_test,0.0546875,0.08653846153846154,0.32872596153846156
48,OfficeHome,knn,Art,0.2833333333333333,0.8875,0.06666666666666667
49,OfficeHome,knn,ind_test,0.3148148148148148,0.6064814814814815,0.21064814814814814
50,OfficeHome,knn,Clipart,0.2986111111111111,0.9027777777777778,0.046296296296296294
51,OfficeHome,knn,ind_test,0.3148148148148148,0.6064814814814815,0.21064814814814814
52,OfficeHome,knn,Product,0.4513888888888889,0.7129629629629629,0.12268518518518519
53,OfficeHome,knn,ind_test,0.3148148148148148,0.6064814814814815,0.21064814814814814
54,OfficeHome,knn,Art,0.44166666666666665,0.8875,0.025
55,OfficeHome,knn,ind_test,0.3912037037037037,0.6064814814814815,0.1388888888888889
56,OfficeHome,knn,Clipart,0.3912037037037037,0.9027777777777778,0.037037037037037035
57,OfficeHome,knn,ind_test,0.3912037037037037,0.6064814814814815,0.1388888888888889
58,OfficeHome,knn,Product,0.5208333333333334,0.7129629629629629,0.09027777777777778
59,OfficeHome,knn,ind_test,0.3912037037037037,0.6064814814814815,0.1388888888888889
60,OfficeHome,knn,Art,0.8375,0.8875,0.008333333333333333
61,OfficeHome,knn,ind_test,0.49537037037037035,0.6064814814814815,0.06944444444444445
62,OfficeHome,knn,Clipart,0.7592592592592593,0.9027777777777778,0.02546296296296296
63,OfficeHome,knn,ind_test,0.49537037037037035,0.6064814814814815,0.06944444444444445
64,OfficeHome,knn,Product,0.4583333333333333,0.7129629629629629,0.09027777777777778
65,OfficeHome,knn,ind_test,0.49537037037037035,0.6064814814814815,0.06944444444444445
66,OfficeHome,grad_magnitude,Art,0.48333333333333334,0.8875,0.029166666666666667
67,OfficeHome,grad_magnitude,ind_test,0.4305555555555556,0.6064814814814815,0.125
68,OfficeHome,grad_magnitude,Clipart,0.3125,0.9027777777777778,0.06944444444444445
69,OfficeHome,grad_magnitude,ind_test,0.4305555555555556,0.6064814814814815,0.125
70,OfficeHome,grad_magnitude,Product,0.3773148148148148,0.7129629629629629,0.13425925925925927
71,OfficeHome,grad_magnitude,ind_test,0.4305555555555556,0.6064814814814815,0.125
72,OfficeHome,grad_magnitude,Art,0.525,0.8875,0.029166666666666667
73,OfficeHome,grad_magnitude,ind_test,0.4375,0.6064814814814815,0.11805555555555555
74,OfficeHome,grad_magnitude,Clipart,0.33101851851851855,0.9027777777777778,0.06712962962962964
75,OfficeHome,grad_magnitude,ind_test,0.4375,0.6064814814814815,0.11805555555555555
76,OfficeHome,grad_magnitude,Product,0.38657407407407407,0.7129629629629629,0.12962962962962962
77,OfficeHome,grad_magnitude,ind_test,0.4375,0.6064814814814815,0.11805555555555555
78,OfficeHome,grad_magnitude,Art,0.5541666666666667,0.8875,0.029166666666666667
79,OfficeHome,grad_magnitude,ind_test,0.4513888888888889,0.6064814814814815,0.10185185185185185
80,OfficeHome,grad_magnitude,Clipart,0.3425925925925926,0.9027777777777778,0.0625
81,OfficeHome,grad_magnitude,ind_test,0.4513888888888889,0.6064814814814815,0.10185185185185185
82,OfficeHome,grad_magnitude,Product,0.3888888888888889,0.7129629629629629,0.12962962962962962
83,OfficeHome,grad_magnitude,ind_test,0.4513888888888889,0.6064814814814815,0.10185185185185185
84,OfficeHome,cross_entropy,Art,0.3541666666666667,0.8875,0.075
85,OfficeHome,cross_entropy,ind_test,0.2800925925925926,0.6064814814814815,0.20601851851851852
86,OfficeHome,cross_entropy,Clipart,0.5069444444444444,0.9027777777777778,0.05787037037037037
87,OfficeHome,cross_entropy,ind_test,0.2800925925925926,0.6064814814814815,0.20601851851851852
88,OfficeHome,cross_entropy,Product,0.31712962962962965,0.7129629629629629,0.13194444444444445
89,OfficeHome,cross_entropy,ind_test,0.2800925925925926,0.6064814814814815,0.20601851851851852
90,OfficeHome,cross_entropy,Art,0.6958333333333333,0.8875,0.016666666666666666
91,OfficeHome,cross_entropy,ind_test,0.4351851851851852,0.6064814814814815,0.1111111111111111
92,OfficeHome,cross_entropy,Clipart,0.5555555555555556,0.9027777777777778,0.034722222222222224
93,OfficeHome,cross_entropy,ind_test,0.4351851851851852,0.6064814814814815,0.1111111111111111
94,OfficeHome,cross_entropy,Product,0.5416666666666666,0.7129629629629629,0.08796296296296297
95,OfficeHome,cross_entropy,ind_test,0.4351851851851852,0.6064814814814815,0.1111111111111111
96,OfficeHome,cross_entropy,Art,0.7666666666666667,0.8875,0.016666666666666666
97,OfficeHome,cross_entropy,ind_test,0.49074074074074076,0.6064814814814815,0.05555555555555555
98,OfficeHome,cross_entropy,Clipart,0.6898148148148148,0.9027777777777778,0.018518518518518517
99,OfficeHome,cross_entropy,ind_test,0.49074074074074076,0.6064814814814815,0.05555555555555555
100,OfficeHome,cross_entropy,Product,0.5902777777777778,0.7129629629629629,0.05555555555555555
101,OfficeHome,cross_entropy,ind_test,0.49074074074074076,0.6064814814814815,0.05555555555555555
102,OfficeHome,energy,Art,0.625,0.8875,0.025
103,OfficeHome,energy,ind_test,0.5138888888888888,0.6064814814814815,0.04398148148148148
104,OfficeHome,energy,Clipart,0.8287037037037037,0.9027777777777778,0.0023148148148148147
105,OfficeHome,energy,ind_test,0.5138888888888888,0.6064814814814815,0.04398148148148148
106,OfficeHome,energy,Product,0.6388888888888888,0.7129629629629629,0.023148148148148147
107,OfficeHome,energy,ind_test,0.5138888888888888,0.6064814814814815,0.04398148148148148
108,OfficeHome,energy,Art,0.55,0.8875,0.041666666666666664
109,OfficeHome,energy,ind_test,0.25925925925925924,0.6064814814814815,0.2222222222222222
110,OfficeHome,energy,Clipart,0.2777777777777778,0.9027777777777778,0.0763888888888889
111,OfficeHome,energy,ind_test,0.25925925925925924,0.6064814814814815,0.2222222222222222
112,OfficeHome,energy,Product,0.2800925925925926,0.7129629629629629,0.1712962962962963
113,OfficeHome,energy,ind_test,0.25925925925925924,0.6064814814814815,0.2222222222222222
114,OfficeHome,energy,Art,0.55,0.8875,0.041666666666666664
115,OfficeHome,energy,ind_test,0.2638888888888889,0.6064814814814815,0.2199074074074074
116,OfficeHome,energy,Clipart,0.2847222222222222,0.9027777777777778,0.0763888888888889
117,OfficeHome,energy,ind_test,0.2638888888888889,0.6064814814814815,0.2199074074074074
118,OfficeHome,energy,Product,0.2800925925925926,0.7129629629629629,0.1712962962962963
119,OfficeHome,energy,ind_test,0.2638888888888889,0.6064814814814815,0.2199074074074074
120,OfficeHome,typicality,Art,0.3458333333333333,0.8875,0.0625
121,OfficeHome,typicality,ind_test,0.33564814814814814,0.6064814814814815,0.1712962962962963
122,OfficeHome,typicality,Clipart,0.6064814814814815,0.9027777777777778,0.046296296296296294
123,OfficeHome,typicality,ind_test,0.33564814814814814,0.6064814814814815,0.1712962962962963
124,OfficeHome,typicality,Product,0.6412037037037037,0.7129629629629629,0.020833333333333332
125,OfficeHome,typicality,ind_test,0.33564814814814814,0.6064814814814815,0.1712962962962963
126,OfficeHome,typicality,Art,0.675,0.8875,0.03333333333333333
127,OfficeHome,typicality,ind_test,0.5092592592592593,0.6064814814814815,0.05555555555555555
128,OfficeHome,typicality,Clipart,0.7013888888888888,0.9027777777777778,0.032407407407407406
129,OfficeHome,typicality,ind_test,0.5092592592592593,0.6064814814814815,0.05555555555555555
130,OfficeHome,typicality,Product,0.6990740740740741,0.7129629629629629,0.004629629629629629
131,OfficeHome,typicality,ind_test,0.5092592592592593,0.6064814814814815,0.05555555555555555
132,OfficeHome,typicality,Art,0.5791666666666667,0.8875,0.041666666666666664
133,OfficeHome,typicality,ind_test,0.32175925925925924,0.6064814814814815,0.2013888888888889
134,OfficeHome,typicality,Clipart,0.3263888888888889,0.9027777777777778,0.04861111111111111
135,OfficeHome,typicality,ind_test,0.32175925925925924,0.6064814814814815,0.2013888888888889
136,OfficeHome,typicality,Product,0.12037037037037036,0.7129629629629629,0.25925925925925924
137,OfficeHome,typicality,ind_test,0.32175925925925924,0.6064814814814815,0.2013888888888889
138,OfficeHome,softmax,Art,0.21666666666666667,0.8875,0.0875
139,OfficeHome,softmax,ind_test,0.1875,0.6064814814814815,0.25
140,OfficeHome,softmax,Clipart,0.2847222222222222,0.9027777777777778,0.06018518518518518
141,OfficeHome,softmax,ind_test,0.1875,0.6064814814814815,0.25
142,OfficeHome,softmax,Product,0.20833333333333334,0.7129629629629629,0.19675925925925927
143,OfficeHome,softmax,ind_test,0.1875,0.6064814814814815,0.25
144,OfficeHome,softmax,Art,0.4125,0.8875,0.06666666666666667
145,OfficeHome,softmax,ind_test,0.26157407407407407,0.6064814814814815,0.25925925925925924
146,OfficeHome,softmax,Clipart,0.3333333333333333,0.9027777777777778,0.05092592592592592
147,OfficeHome,softmax,ind_test,0.26157407407407407,0.6064814814814815,0.25925925925925924
148,OfficeHome,softmax,Product,0.3194444444444444,0.7129629629629629,0.17592592592592593
149,OfficeHome,softmax,ind_test,0.26157407407407407,0.6064814814814815,0.25925925925925924
150,OfficeHome,softmax,Art,0.13333333333333333,0.8875,0.1
151,OfficeHome,softmax,ind_test,0.12268518518518519,0.6064814814814815,0.2986111111111111
152,OfficeHome,softmax,Clipart,0.16666666666666666,0.9027777777777778,0.06944444444444445
153,OfficeHome,softmax,ind_test,0.12268518518518519,0.6064814814814815,0.2986111111111111
154,OfficeHome,softmax,Product,0.11342592592592593,0.7129629629629629,0.22685185185185186
155,OfficeHome,softmax,ind_test,0.12268518518518519,0.6064814814814815,0.2986111111111111
156,Office31,knn,ind_test,0.3492647058823529,0.40808823529411764,0.08823529411764706
157,Office31,knn,webcam,0.10586734693877552,0.8839285714285714,0.09693877551020408
158,Office31,knn,dslr,0.04838709677419355,0.905241935483871,0.08870967741935484
159,Office31,knn,ind_test,0.3492647058823529,0.40808823529411764,0.08823529411764706
160,Office31,knn,ind_test,0.3602941176470588,0.40808823529411764,0.08455882352941177
161,Office31,knn,webcam,0.12244897959183673,0.8839285714285714,0.09438775510204081
162,Office31,knn,dslr,0.05241935483870968,0.905241935483871,0.08669354838709678
163,Office31,knn,ind_test,0.3602941176470588,0.40808823529411764,0.08455882352941177
164,Office31,grad_magnitude,ind_test,0.25,0.40808823529411764,0.26838235294117646
165,Office31,grad_magnitude,webcam,0.3239795918367347,0.8839285714285714,0.07908163265306123
166,Office31,grad_magnitude,dslr,0.39314516129032256,0.905241935483871,0.05040322580645161
167,Office31,grad_magnitude,ind_test,0.25,0.40808823529411764,0.26838235294117646
168,Office31,grad_magnitude,ind_test,0.24632352941176472,0.40808823529411764,0.27941176470588236
169,Office31,grad_magnitude,webcam,0.30994897959183676,0.8839285714285714,0.08035714285714286
170,Office31,grad_magnitude,dslr,0.36693548387096775,0.905241935483871,0.05040322580645161
171,Office31,grad_magnitude,ind_test,0.24632352941176472,0.40808823529411764,0.27941176470588236
172,Office31,cross_entropy,ind_test,0.05514705882352941,0.40808823529411764,0.5220588235294118
173,Office31,cross_entropy,webcam,0.01913265306122449,0.8839285714285714,0.11224489795918367
174,Office31,cross_entropy,dslr,0.036290322580645164,0.905241935483871,0.09274193548387097
175,Office31,cross_entropy,ind_test,0.05514705882352941,0.40808823529411764,0.5220588235294118
176,Office31,cross_entropy,ind_test,0.16176470588235295,0.40808823529411764,0.33088235294117646
177,Office31,cross_entropy,webcam,0.18239795918367346,0.8839285714285714,0.09183673469387756
178,Office31,cross_entropy,dslr,0.0625,0.905241935483871,0.09274193548387097
179,Office31,cross_entropy,ind_test,0.16176470588235295,0.40808823529411764,0.33088235294117646
180,Office31,energy,ind_test,0.06985294117647059,0.40808823529411764,0.5036764705882353
181,Office31,energy,webcam,0.05612244897959184,0.8839285714285714,0.1096938775510204
182,Office31,energy,dslr,0.07056451612903226,0.905241935483871,0.08870967741935484
183,Office31,energy,ind_test,0.06985294117647059,0.40808823529411764,0.5036764705882353
184,Office31,energy,ind_test,0.1948529411764706,0.40808823529411764,0.27205882352941174
185,Office31,energy,webcam,0.3877551020408163,0.8839285714285714,0.07015306122448979
186,Office31,energy,dslr,0.28225806451612906,0.905241935483871,0.07056451612903226
187,Office31,energy,ind_test,0.1948529411764706,0.40808823529411764,0.27205882352941174
188,Office31,typicality,ind_test,0.36764705882352944,0.40808823529411764,0.04779411764705882
189,Office31,typicality,webcam,0.10841836734693877,0.8839285714285714,0.10204081632653061
190,Office31,typicality,dslr,0.0,0.905241935483871,0.09475806451612903
191,Office31,typicality,ind_test,0.36764705882352944,0.40808823529411764,0.04779411764705882
192,Office31,typicality,ind_test,0.3897058823529412,0.40808823529411764,0.011029411764705883
193,Office31,typicality,webcam,0.41836734693877553,0.8839285714285714,0.06505102040816327
194,Office31,typicality,dslr,0.008064516129032258,0.905241935483871,0.09475806451612903
195,Office31,typicality,ind_test,0.3897058823529412,0.40808823529411764,0.011029411764705883
196,Office31,softmax,ind_test,0.1875,0.40808823529411764,0.3602941176470588
197,Office31,softmax,webcam,0.15816326530612246,0.8839285714285714,0.09821428571428571
198,Office31,softmax,dslr,0.12701612903225806,0.905241935483871,0.07862903225806452
199,Office31,softmax,ind_test,0.1875,0.40808823529411764,0.3602941176470588
200,Office31,softmax,ind_test,0.19852941176470587,0.40808823529411764,0.34191176470588236
201,Office31,softmax,webcam,0.19387755102040816,0.8839285714285714,0.08418367346938775
202,Office31,softmax,dslr,0.16330645161290322,0.905241935483871,0.07661290322580645
203,Office31,softmax,ind_test,0.19852941176470587,0.40808823529411764,0.34191176470588236
204,NICO,knn,ind_test,0.03365384615384615,0.07371794871794872,0.4623397435897436
205,NICO,knn,outdoor,0.10127952755905512,0.743257874015748,0.22436023622047244
206,NICO,knn,ind_test,0.03365384615384615,0.07371794871794872,0.4623397435897436
207,NICO,knn,water,0.08765625,0.7659895833333333,0.20765625
208,NICO,knn,ind_test,0.03365384615384615,0.07371794871794872,0.4623397435897436
209,NICO,knn,rock,0.08053691275167785,0.7313039309683605,0.23837488015340363
210,NICO,knn,grass,0.07570422535211267,0.7633142605633803,0.21434859154929578
211,NICO,knn,ind_test,0.03365384615384615,0.07371794871794872,0.4623397435897436
212,NICO,knn,autumn,0.09117221418234443,0.7528943560057887,0.21807163531114326
213,NICO,knn,ind_test,0.03365384615384615,0.07371794871794872,0.4623397435897436
214,NICO,knn,ind_test,0.03365384615384615,0.07371794871794872,0.4551282051282051
215,NICO,knn,outdoor,0.10295275590551181,0.743257874015748,0.22391732283464566
216,NICO,knn,ind_test,0.03365384615384615,0.07371794871794872,0.4551282051282051
217,NICO,knn,water,0.08895833333333333,0.7659895833333333,0.2071875
218,NICO,knn,ind_test,0.03365384615384615,0.07371794871794872,0.4551282051282051
219,NICO,knn,rock,0.08143576222435282,0.7313039309683605,0.237895493767977
220,NICO,knn,grass,0.07647447183098592,0.7633142605633803,0.21412852112676056
221,NICO,knn,ind_test,0.03365384615384615,0.07371794871794872,0.4551282051282051
222,NICO,knn,autumn,0.09234804630969609,0.7528943560057887,0.2175289435600579
223,NICO,knn,ind_test,0.03365384615384615,0.07371794871794872,0.4551282051282051
224,NICO,knn,ind_test,0.038461538461538464,0.07371794871794872,0.4230769230769231
225,NICO,knn,outdoor,0.13346456692913386,0.743257874015748,0.21353346456692912
226,NICO,knn,ind_test,0.038461538461538464,0.07371794871794872,0.4230769230769231
227,NICO,knn,water,0.12109375,0.7659895833333333,0.19682291666666665
228,NICO,knn,ind_test,0.038461538461538464,0.07371794871794872,0.4230769230769231
229,NICO,knn,rock,0.11043863854266539,0.7313039309683605,0.2271692233940556
230,NICO,knn,grass,0.10277288732394366,0.7633142605633803,0.2052156690140845
231,NICO,knn,ind_test,0.038461538461538464,0.07371794871794872,0.4230769230769231
232,NICO,knn,autumn,0.12689942112879884,0.7528943560057887,0.20803183791606367
233,NICO,knn,ind_test,0.038461538461538464,0.07371794871794872,0.4230769230769231
234,NICO,knn,ind_test,0.038461538461538464,0.07371794871794872,0.4254807692307692
235,NICO,knn,outdoor,0.13011811023622047,0.743257874015748,0.21461614173228347
236,NICO,knn,ind_test,0.038461538461538464,0.07371794871794872,0.4254807692307692
237,NICO,knn,water,0.11755208333333333,0.7659895833333333,0.19791666666666666
238,NICO,knn,ind_test,0.038461538461538464,0.07371794871794872,0.4254807692307692
239,NICO,knn,rock,0.10732262703739213,0.7313039309683605,0.2278883029721956
240,NICO,knn,grass,0.09991197183098592,0.7633142605633803,0.20609595070422534
241,NICO,knn,ind_test,0.038461538461538464,0.07371794871794872,0.4254807692307692
242,NICO,knn,autumn,0.12228654124457308,0.7528943560057887,0.20884587554269174
243,NICO,knn,ind_test,0.038461538461538464,0.07371794871794872,0.4254807692307692
244,NICO,knn,ind_test,0.032852564102564104,0.07371794871794872,0.49038461538461536
245,NICO,knn,outdoor,0.08366141732283465,0.743257874015748,0.2297244094488189
246,NICO,knn,ind_test,0.032852564102564104,0.07371794871794872,0.49038461538461536
247,NICO,knn,water,0.07041666666666667,0.7659895833333333,0.21244791666666665
248,NICO,knn,ind_test,0.032852564102564104,0.07371794871794872,0.49038461538461536
249,NICO,knn,rock,0.06447746883988495,0.7313039309683605,0.2450862895493768
250,NICO,knn,grass,0.06040933098591549,0.7633142605633803,0.21830985915492956
251,NICO,knn,ind_test,0.032852564102564104,0.07371794871794872,0.49038461538461536
252,NICO,knn,autumn,0.07136396526772792,0.7528943560057887,0.22322720694645443
253,NICO,knn,ind_test,0.032852564102564104,0.07371794871794872,0.49038461538461536
254,NICO,grad_magnitude,ind_test,0.06650641025641026,0.07371794871794872,0.1330128205128205
255,NICO,grad_magnitude,outdoor,0.1156496062992126,0.743257874015748,0.21318897637795275
256,NICO,grad_magnitude,ind_test,0.06650641025641026,0.07371794871794872,0.1330128205128205
257,NICO,grad_magnitude,water,0.18630208333333334,0.7659895833333333,0.17463541666666665
258,NICO,grad_magnitude,ind_test,0.06650641025641026,0.07371794871794872,0.1330128205128205
259,NICO,grad_magnitude,rock,0.20044343240651966,0.7313039309683605,0.1950503355704698
260,NICO,grad_magnitude,grass,0.1324823943661972,0.7633142605633803,0.18893045774647887
261,NICO,grad_magnitude,ind_test,0.06650641025641026,0.07371794871794872,0.1330128205128205
262,NICO,grad_magnitude,autumn,0.14182344428364688,0.7528943560057887,0.19880607814761217
263,NICO,grad_magnitude,ind_test,0.06650641025641026,0.07371794871794872,0.1330128205128205
264,NICO,grad_magnitude,ind_test,0.060897435897435896,0.07371794871794872,0.18669871794871795
265,NICO,grad_magnitude,outdoor,0.08297244094488189,0.743257874015748,0.22563976377952755
266,NICO,grad_magnitude,ind_test,0.060897435897435896,0.07371794871794872,0.18669871794871795
267,NICO,grad_magnitude,water,0.13442708333333334,0.7659895833333333,0.19166666666666668
268,NICO,grad_magnitude,ind_test,0.060897435897435896,0.07371794871794872,0.18669871794871795
269,NICO,grad_magnitude,rock,0.1471116970278044,0.7313039309683605,0.21446548418024927
270,NICO,grad_magnitude,grass,0.09099911971830986,0.7633142605633803,0.20180457746478872
271,NICO,grad_magnitude,ind_test,0.060897435897435896,0.07371794871794872,0.18669871794871795
272,NICO,grad_magnitude,autumn,0.10066931982633864,0.7528943560057887,0.21201157742402316
273,NICO,grad_magnitude,ind_test,0.060897435897435896,0.07371794871794872,0.18669871794871795
274,NICO,grad_magnitude,ind_test,0.060897435897435896,0.07371794871794872,0.18669871794871795
275,NICO,grad_magnitude,outdoor,0.0828740157480315,0.743257874015748,0.22568897637795277
276,NICO,grad_magnitude,ind_test,0.060897435897435896,0.07371794871794872,0.18669871794871795
277,NICO,grad_magnitude,water,0.134375,0.7659895833333333,0.19166666666666668
278,NICO,grad_magnitude,ind_test,0.060897435897435896,0.07371794871794872,0.18669871794871795
279,NICO,grad_magnitude,rock,0.14687200383509108,0.7313039309683605,0.21464525407478427
280,NICO,grad_magnitude,grass,0.09099911971830986,0.7633142605633803,0.20191461267605634
281,NICO,grad_magnitude,ind_test,0.060897435897435896,0.07371794871794872,0.18669871794871795
282,NICO,grad_magnitude,autumn,0.10066931982633864,0.7528943560057887,0.21201157742402316
283,NICO,grad_magnitude,ind_test,0.060897435897435896,0.07371794871794872,0.18669871794871795
284,NICO,grad_magnitude,ind_test,0.06490384615384616,0.07371794871794872,0.15625
285,NICO,grad_magnitude,outdoor,0.1016240157480315,0.743257874015748,0.21924212598425197
286,NICO,grad_magnitude,ind_test,0.06490384615384616,0.07371794871794872,0.15625
287,NICO,grad_magnitude,water,0.16265625,0.7659895833333333,0.18197916666666666
288,NICO,grad_magnitude,ind_test,0.06490384615384616,0.07371794871794872,0.15625
289,NICO,grad_magnitude,rock,0.1763542665388303,0.7313039309683605,0.20433844678811122
290,NICO,grad_magnitude,grass,0.11278609154929578,0.7633142605633803,0.1949823943661972
291,NICO,grad_magnitude,ind_test,0.06490384615384616,0.07371794871794872,0.15625
292,NICO,grad_magnitude,autumn,0.12400506512301013,0.7528943560057887,0.20477568740955138
293,NICO,grad_magnitude,ind_test,0.06490384615384616,0.07371794871794872,0.15625
294,NICO,grad_magnitude,ind_test,0.06490384615384616,0.07371794871794872,0.1546474358974359
295,NICO,grad_magnitude,outdoor,0.10246062992125984,0.743257874015748,0.2187992125984252
296,NICO,grad_magnitude,ind_test,0.06490384615384616,0.07371794871794872,0.1546474358974359
297,NICO,grad_magnitude,water,0.16390625,0.7659895833333333,0.18151041666666667
298,NICO,grad_magnitude,ind_test,0.06490384615384616,0.07371794871794872,0.1546474358974359
299,NICO,grad_magnitude,rock,0.17815196548418025,0.7313039309683605,0.2037392138063279
300,NICO,grad_magnitude,grass,0.11388644366197183,0.7633142605633803,0.19465228873239437
301,NICO,grad_magnitude,ind_test,0.06490384615384616,0.07371794871794872,0.1546474358974359
302,NICO,grad_magnitude,autumn,0.1253617945007236,0.7528943560057887,0.2041425470332851
303,NICO,grad_magnitude,ind_test,0.06490384615384616,0.07371794871794872,0.1546474358974359
304,NICO,cross_entropy,ind_test,0.0641025641025641,0.07371794871794872,0.20032051282051283
305,NICO,cross_entropy,outdoor,0.11156496062992126,0.743257874015748,0.21850393700787402
306,NICO,cross_entropy,ind_test,0.0641025641025641,0.07371794871794872,0.20032051282051283
307,NICO,cross_entropy,water,0.07083333333333333,0.7659895833333333,0.21166666666666667
308,NICO,cross_entropy,ind_test,0.0641025641025641,0.07371794871794872,0.20032051282051283
309,NICO,cross_entropy,rock,0.09545781399808245,0.7313039309683605,0.23513902205177373
310,NICO,cross_entropy,grass,0.08428697183098592,0.7633142605633803,0.2089568661971831
311,NICO,cross_entropy,ind_test,0.0641025641025641,0.07371794871794872,0.20032051282051283
312,NICO,cross_entropy,autumn,0.06828871201157742,0.7528943560057887,0.22503617945007237
313,NICO,cross_entropy,ind_test,0.0641025641025641,0.07371794871794872,0.20032051282051283
314,NICO,cross_entropy,ind_test,0.06570512820512821,0.07371794871794872,0.1466346153846154
315,NICO,cross_entropy,outdoor,0.16373031496062992,0.743257874015748,0.19965551181102362
316,NICO,cross_entropy,ind_test,0.06570512820512821,0.07371794871794872,0.1466346153846154
317,NICO,cross_entropy,water,0.10677083333333333,0.7659895833333333,0.20171875
318,NICO,cross_entropy,ind_test,0.06570512820512821,0.07371794871794872,0.1466346153846154
319,NICO,cross_entropy,rock,0.13740412272291466,0.7313039309683605,0.21907957813998083
320,NICO,cross_entropy,grass,0.12400968309859155,0.7633142605633803,0.1936619718309859
321,NICO,cross_entropy,ind_test,0.06570512820512821,0.07371794871794872,0.1466346153846154
322,NICO,cross_entropy,autumn,0.10320188133140376,0.7528943560057887,0.21562952243125905
323,NICO,cross_entropy,ind_test,0.06570512820512821,0.07371794871794872,0.1466346153846154
324,NICO,cross_entropy,ind_test,0.0641025641025641,0.07371794871794872,0.20032051282051283
325,NICO,cross_entropy,outdoor,0.11156496062992126,0.743257874015748,0.21850393700787402
326,NICO,cross_entropy,ind_test,0.0641025641025641,0.07371794871794872,0.20032051282051283
327,NICO,cross_entropy,water,0.07083333333333333,0.7659895833333333,0.21166666666666667
328,NICO,cross_entropy,ind_test,0.0641025641025641,0.07371794871794872,0.20032051282051283
329,NICO,cross_entropy,rock,0.09545781399808245,0.7313039309683605,0.23513902205177373
330,NICO,cross_entropy,grass,0.08428697183098592,0.7633142605633803,0.2089568661971831
331,NICO,cross_entropy,ind_test,0.0641025641025641,0.07371794871794872,0.20032051282051283
332,NICO,cross_entropy,autumn,0.06828871201157742,0.7528943560057887,0.22503617945007237
333,NICO,cross_entropy,ind_test,0.0641025641025641,0.07371794871794872,0.20032051282051283
334,NICO,cross_entropy,ind_test,0.06490384615384616,0.07371794871794872,0.16025641025641027
335,NICO,cross_entropy,outdoor,0.14227362204724409,0.743257874015748,0.2074803149606299
336,NICO,cross_entropy,ind_test,0.06490384615384616,0.07371794871794872,0.16025641025641027
337,NICO,cross_entropy,water,0.0915625,0.7659895833333333,0.20572916666666666
338,NICO,cross_entropy,ind_test,0.06490384615384616,0.07371794871794872,0.16025641025641027
339,NICO,cross_entropy,rock,0.1215843720038351,0.7313039309683605,0.2260306807286673
340,NICO,cross_entropy,grass,0.10772447183098592,0.7633142605633803,0.20092429577464788
341,NICO,cross_entropy,ind_test,0.06490384615384616,0.07371794871794872,0.16025641025641027
342,NICO,cross_entropy,autumn,0.08845875542691752,0.7528943560057887,0.21933791606367584
343,NICO,cross_entropy,ind_test,0.06490384615384616,0.07371794871794872,0.16025641025641027
344,NICO,cross_entropy,ind_test,0.06570512820512821,0.07371794871794872,0.14423076923076922
345,NICO,cross_entropy,outdoor,0.1671259842519685,0.743257874015748,0.19867125984251968
346,NICO,cross_entropy,ind_test,0.06570512820512821,0.07371794871794872,0.14423076923076922
347,NICO,cross_entropy,water,0.10885416666666667,0.7659895833333333,0.20135416666666667
348,NICO,cross_entropy,ind_test,0.06570512820512821,0.07371794871794872,0.14423076923076922
349,NICO,cross_entropy,rock,0.13902205177372962,0.7313039309683605,0.21836049856184084
350,NICO,cross_entropy,grass,0.12599031690140844,0.7633142605633803,0.19278169014084506
351,NICO,cross_entropy,ind_test,0.06570512820512821,0.07371794871794872,0.14423076923076922
352,NICO,cross_entropy,autumn,0.10482995658465992,0.7528943560057887,0.21517727930535455
353,NICO,cross_entropy,ind_test,0.06570512820512821,0.07371794871794872,0.14423076923076922
354,NICO,energy,ind_test,0.05689102564102564,0.07371794871794872,0.23637820512820512
355,NICO,energy,outdoor,0.34625984251968506,0.743257874015748,0.13863188976377952
356,NICO,energy,ind_test,0.05689102564102564,0.07371794871794872,0.23637820512820512
357,NICO,energy,water,0.24677083333333333,0.7659895833333333,0.15729166666666666
358,NICO,energy,ind_test,0.05689102564102564,0.07371794871794872,0.23637820512820512
359,NICO,energy,rock,0.19337248322147652,0.7313039309683605,0.19714765100671142
360,NICO,energy,grass,0.20532570422535212,0.7633142605633803,0.1757262323943662
361,NICO,energy,ind_test,0.05689102564102564,0.07371794871794872,0.23637820512820512
362,NICO,energy,autumn,0.20929811866859624,0.7528943560057887,0.17872648335745298
363,NICO,energy,ind_test,0.05689102564102564,0.07371794871794872,0.23637820512820512
364,NICO,energy,ind_test,0.05689102564102564,0.07371794871794872,0.23637820512820512
365,NICO,energy,outdoor,0.34625984251968506,0.743257874015748,0.13863188976377952
366,NICO,energy,ind_test,0.05689102564102564,0.07371794871794872,0.23637820512820512
367,NICO,energy,water,0.246875,0.7659895833333333,0.15729166666666666
368,NICO,energy,ind_test,0.05689102564102564,0.07371794871794872,0.23637820512820512
369,NICO,energy,rock,0.19343240651965485,0.7313039309683605,0.19714765100671142
370,NICO,energy,grass,0.20532570422535212,0.7633142605633803,0.1756161971830986
371,NICO,energy,ind_test,0.05689102564102564,0.07371794871794872,0.23637820512820512
372,NICO,energy,autumn,0.20929811866859624,0.7528943560057887,0.17872648335745298
373,NICO,energy,ind_test,0.05689102564102564,0.07371794871794872,0.23637820512820512
374,NICO,energy,ind_test,0.05689102564102564,0.07371794871794872,0.23637820512820512
375,NICO,energy,outdoor,0.34625984251968506,0.743257874015748,0.13863188976377952
376,NICO,energy,ind_test,0.05689102564102564,0.07371794871794872,0.23637820512820512
377,NICO,energy,water,0.24666666666666667,0.7659895833333333,0.15729166666666666
378,NICO,energy,ind_test,0.05689102564102564,0.07371794871794872,0.23637820512820512
379,NICO,energy,rock,0.19325263662511985,0.7313039309683605,0.19720757430488975
380,NICO,energy,grass,0.20532570422535212,0.7633142605633803,0.1757262323943662
381,NICO,energy,ind_test,0.05689102564102564,0.07371794871794872,0.23637820512820512
382,NICO,energy,autumn,0.20929811866859624,0.7528943560057887,0.17872648335745298
383,NICO,energy,ind_test,0.05689102564102564,0.07371794871794872,0.23637820512820512
384,NICO,energy,ind_test,0.05689102564102564,0.07371794871794872,0.23477564102564102
385,NICO,energy,outdoor,0.3470964566929134,0.743257874015748,0.13833661417322834
386,NICO,energy,ind_test,0.05689102564102564,0.07371794871794872,0.23477564102564102
387,NICO,energy,water,0.24755208333333334,0.7659895833333333,0.15677083333333333
388,NICO,energy,ind_test,0.05689102564102564,0.07371794871794872,0.23477564102564102
389,NICO,energy,rock,0.19403163950143815,0.7313039309683605,0.19690795781399809
390,NICO,energy,grass,0.20631602112676056,0.7633142605633803,0.1756161971830986
391,NICO,energy,ind_test,0.05689102564102564,0.07371794871794872,0.23477564102564102
392,NICO,energy,autumn,0.2100217076700434,0.7528943560057887,0.17845513748191028
393,NICO,energy,ind_test,0.05689102564102564,0.07371794871794872,0.23477564102564102
394,NICO,energy,ind_test,0.05689102564102564,0.07371794871794872,0.23717948717948717
395,NICO,energy,outdoor,0.3460137795275591,0.743257874015748,0.13877952755905512
396,NICO,energy,ind_test,0.05689102564102564,0.07371794871794872,0.23717948717948717
397,NICO,energy,water,0.24645833333333333,0.7659895833333333,0.15734375
398,NICO,energy,ind_test,0.05689102564102564,0.07371794871794872,0.23717948717948717
399,NICO,energy,rock,0.19301294343240652,0.7313039309683605,0.19726749760306808
400,NICO,energy,grass,0.2051056338028169,0.7633142605633803,0.1759463028169014
401,NICO,energy,ind_test,0.05689102564102564,0.07371794871794872,0.23717948717948717
402,NICO,energy,autumn,0.20857452966714907,0.7528943560057887,0.17872648335745298
403,NICO,energy,ind_test,0.05689102564102564,0.07371794871794872,0.23717948717948717
404,NICO,typicality,ind_test,0.016826923076923076,0.07371794871794872,0.7147435897435898
405,NICO,typicality,outdoor,0.10344488188976378,0.743257874015748,0.2220964566929134
406,NICO,typicality,ind_test,0.016826923076923076,0.07371794871794872,0.7147435897435898
407,NICO,typicality,water,0.18239583333333334,0.7659895833333333,0.17734375
408,NICO,typicality,ind_test,0.016826923076923076,0.07371794871794872,0.7147435897435898
409,NICO,typicality,rock,0.14255752636625119,0.7313039309683605,0.2145254074784276
410,NICO,typicality,grass,0.0332306338028169,0.7633142605633803,0.22744278169014084
411,NICO,typicality,ind_test,0.016826923076923076,0.07371794871794872,0.7147435897435898
412,NICO,typicality,autumn,0.11613603473227208,0.7528943560057887,0.21074529667149058
413,NICO,typicality,ind_test,0.016826923076923076,0.07371794871794872,0.7147435897435898
414,NICO,typicality,ind_test,0.017628205128205128,0.07371794871794872,0.6434294871794872
415,NICO,typicality,outdoor,0.2202755905511811,0.743257874015748,0.18021653543307087
416,NICO,typicality,ind_test,0.017628205128205128,0.07371794871794872,0.6434294871794872
417,NICO,typicality,water,0.17692708333333335,0.7659895833333333,0.18036458333333333
418,NICO,typicality,ind_test,0.017628205128205128,0.07371794871794872,0.6434294871794872
419,NICO,typicality,rock,0.1961888782358581,0.7313039309683605,0.19924496644295303
420,NICO,typicality,grass,0.4350792253521127,0.7633142605633803,0.09837147887323944
421,NICO,typicality,ind_test,0.017628205128205128,0.07371794871794872,0.6434294871794872
422,NICO,typicality,autumn,0.2134587554269175,0.7528943560057887,0.1770984081041968
423,NICO,typicality,ind_test,0.017628205128205128,0.07371794871794872,0.6434294871794872
424,NICO,typicality,ind_test,0.017628205128205128,0.07371794871794872,0.6410256410256411
425,NICO,typicality,outdoor,0.22416338582677164,0.743257874015748,0.17893700787401576
426,NICO,typicality,ind_test,0.017628205128205128,0.07371794871794872,0.6410256410256411
427,NICO,typicality,water,0.18015625,0.7659895833333333,0.17947916666666666
428,NICO,typicality,ind_test,0.017628205128205128,0.07371794871794872,0.6410256410256411
429,NICO,typicality,rock,0.19894534995206137,0.7313039309683605,0.1979266538830297
430,NICO,typicality,grass,0.4408010563380282,0.7633142605633803,0.09705105633802817
431,NICO,typicality,ind_test,0.017628205128205128,0.07371794871794872,0.6410256410256411
432,NICO,typicality,autumn,0.2176193921852388,0.7528943560057887,0.17610347322720696
433,NICO,typicality,ind_test,0.017628205128205128,0.07371794871794872,0.6410256410256411
434,NICO,typicality,ind_test,0.04326923076923077,0.07371794871794872,0.4391025641025641
435,NICO,typicality,outdoor,0.36284448818897636,0.743257874015748,0.13184055118110236
436,NICO,typicality,ind_test,0.04326923076923077,0.07371794871794872,0.4391025641025641
437,NICO,typicality,water,0.45640625,0.7659895833333333,0.0928125
438,NICO,typicality,ind_test,0.04326923076923077,0.07371794871794872,0.4391025641025641
439,NICO,typicality,rock,0.39429530201342283,0.7313039309683605,0.11966682646212848
440,NICO,typicality,grass,0.18199823943661972,0.7633142605633803,0.17913732394366197
441,NICO,typicality,ind_test,0.04326923076923077,0.07371794871794872,0.4391025641025641
442,NICO,typicality,autumn,0.3772612156295224,0.7528943560057887,0.12382416787264834
443,NICO,typicality,ind_test,0.04326923076923077,0.07371794871794872,0.4391025641025641
444,NICO,typicality,ind_test,0.017628205128205128,0.07371794871794872,0.7051282051282052
445,NICO,typicality,outdoor,0.10693897637795276,0.743257874015748,0.22071850393700787
446,NICO,typicality,ind_test,0.017628205128205128,0.07371794871794872,0.7051282051282052
447,NICO,typicality,water,0.18786458333333333,0.7659895833333333,0.17588541666666666
448,NICO,typicality,ind_test,0.017628205128205128,0.07371794871794872,0.7051282051282052
449,NICO,typicality,rock,0.14621284755512942,0.7313039309683605,0.21266778523489932
450,NICO,typicality,grass,0.03455105633802817,0.7633142605633803,0.2268926056338028
451,NICO,typicality,ind_test,0.017628205128205128,0.07371794871794872,0.7051282051282052
452,NICO,typicality,autumn,0.12020622286541245,0.7528943560057887,0.20965991316931984
453,NICO,typicality,ind_test,0.017628205128205128,0.07371794871794872,0.7051282051282052
454,NICO,softmax,ind_test,0.06650641025641026,0.07371794871794872,0.13221153846153846
455,NICO,softmax,outdoor,0.05703740157480315,0.743257874015748,0.23656496062992127
456,NICO,softmax,ind_test,0.06650641025641026,0.07371794871794872,0.13221153846153846
457,NICO,softmax,water,0.04869791666666667,0.7659895833333333,0.21880208333333334
458,NICO,softmax,ind_test,0.06650641025641026,0.07371794871794872,0.13221153846153846
459,NICO,softmax,rock,0.05920421860019175,0.7313039309683605,0.2465843720038351
460,NICO,softmax,grass,0.05523767605633803,0.7633142605633803,0.21720950704225353
461,NICO,softmax,ind_test,0.06650641025641026,0.07371794871794872,0.13221153846153846
462,NICO,softmax,autumn,0.05074167872648336,0.7528943560057887,0.2301917510853835
463,NICO,softmax,ind_test,0.06650641025641026,0.07371794871794872,0.13221153846153846
464,NICO,softmax,ind_test,0.06650641025641026,0.07371794871794872,0.13221153846153846
465,NICO,softmax,outdoor,0.056840551181102365,0.743257874015748,0.23656496062992127
466,NICO,softmax,ind_test,0.06650641025641026,0.07371794871794872,0.13221153846153846
467,NICO,softmax,water,0.048541666666666664,0.7659895833333333,0.21885416666666666
468,NICO,softmax,ind_test,0.06650641025641026,0.07371794871794872,0.13221153846153846
469,NICO,softmax,rock,0.05908437200383509,0.7313039309683605,0.24670421860019176
470,NICO,softmax,grass,0.05523767605633803,0.7633142605633803,0.21720950704225353
471,NICO,softmax,ind_test,0.06650641025641026,0.07371794871794872,0.13221153846153846
472,NICO,softmax,autumn,0.050560781476121565,0.7528943560057887,0.2302821997105644
473,NICO,softmax,ind_test,0.06650641025641026,0.07371794871794872,0.13221153846153846
474,NICO,softmax,ind_test,0.06650641025641026,0.07371794871794872,0.13221153846153846
475,NICO,softmax,outdoor,0.056938976377952755,0.743257874015748,0.23656496062992127
476,NICO,softmax,ind_test,0.06650641025641026,0.07371794871794872,0.13221153846153846
477,NICO,softmax,water,0.04864583333333333,0.7659895833333333,0.21880208333333334
478,NICO,softmax,ind_test,0.06650641025641026,0.07371794871794872,0.13221153846153846
479,NICO,softmax,rock,0.05920421860019175,0.7313039309683605,0.2465843720038351
480,NICO,softmax,grass,0.05523767605633803,0.7633142605633803,0.21720950704225353
481,NICO,softmax,ind_test,0.06650641025641026,0.07371794871794872,0.13221153846153846
482,NICO,softmax,autumn,0.05074167872648336,0.7528943560057887,0.2301917510853835
483,NICO,softmax,ind_test,0.06650641025641026,0.07371794871794872,0.13221153846153846
484,NICO,softmax,ind_test,0.06650641025641026,0.07371794871794872,0.13221153846153846
485,NICO,softmax,outdoor,0.05698818897637795,0.743257874015748,0.23656496062992127
486,NICO,softmax,ind_test,0.06650641025641026,0.07371794871794872,0.13221153846153846
487,NICO,softmax,water,0.04864583333333333,0.7659895833333333,0.21880208333333334
488,NICO,softmax,ind_test,0.06650641025641026,0.07371794871794872,0.13221153846153846
489,NICO,softmax,rock,0.05920421860019175,0.7313039309683605,0.2465843720038351
490,NICO,softmax,grass,0.05523767605633803,0.7633142605633803,0.21720950704225353
491,NICO,softmax,ind_test,0.06650641025641026,0.07371794871794872,0.13221153846153846
492,NICO,softmax,autumn,0.05074167872648336,0.7528943560057887,0.2301917510853835
493,NICO,softmax,ind_test,0.06650641025641026,0.07371794871794872,0.13221153846153846
494,NICO,softmax,ind_test,0.06650641025641026,0.07371794871794872,0.13221153846153846
495,NICO,softmax,outdoor,0.056840551181102365,0.743257874015748,0.23656496062992127
496,NICO,softmax,ind_test,0.06650641025641026,0.07371794871794872,0.13221153846153846
497,NICO,softmax,water,0.048541666666666664,0.7659895833333333,0.21885416666666666
498,NICO,softmax,ind_test,0.06650641025641026,0.07371794871794872,0.13221153846153846
499,NICO,softmax,rock,0.05908437200383509,0.7313039309683605,0.24670421860019176
500,NICO,softmax,grass,0.05523767605633803,0.7633142605633803,0.21720950704225353
501,NICO,softmax,ind_test,0.06650641025641026,0.07371794871794872,0.13221153846153846
502,NICO,softmax,autumn,0.050560781476121565,0.7528943560057887,0.2302821997105644
503,NICO,softmax,ind_test,0.06650641025641026,0.07371794871794872,0.13221153846153846
504,Polyp,knn,EtisLaribDB,0.1326530612244898,0.6581632653061225,0.29081632653061223
505,Polyp,knn,ind_test,0.08,0.08,0.19
506,Polyp,knn,CVC-ClinicDB,0.13071895424836602,0.28431372549019607,0.39215686274509803
507,Polyp,knn,ind_test,0.08,0.08,0.19
508,Polyp,knn,EndoCV2020,0.09448818897637795,0.2440944881889764,0.30708661417322836
509,Polyp,knn,ind_test,0.08,0.08,0.19
510,Polyp,knn,EtisLaribDB,0.015306122448979591,0.6581632653061225,0.32653061224489793
511,Polyp,knn,ind_test,0.05,0.08,0.33
512,Polyp,knn,CVC-ClinicDB,0.04084967320261438,0.28431372549019607,0.619281045751634
513,Polyp,knn,ind_test,0.05,0.08,0.33
514,Polyp,knn,EndoCV2020,0.047244094488188976,0.2440944881889764,0.5275590551181102
515,Polyp,knn,ind_test,0.05,0.08,0.33
516,Polyp,knn,EtisLaribDB,0.00510204081632653,0.6581632653061225,0.336734693877551
517,Polyp,knn,ind_test,0.05,0.08,0.37
518,Polyp,knn,CVC-ClinicDB,0.024509803921568627,0.28431372549019607,0.6601307189542484
519,Polyp,knn,ind_test,0.05,0.08,0.37
520,Polyp,knn,EndoCV2020,0.015748031496062992,0.2440944881889764,0.6299212598425197
521,Polyp,knn,ind_test,0.05,0.08,0.37
522,Polyp,grad_magnitude,EtisLaribDB,0.5153061224489796,0.6581632653061225,0.11224489795918367
523,Polyp,grad_magnitude,ind_test,0.05,0.08,0.18
524,Polyp,grad_magnitude,CVC-ClinicDB,0.19934640522875818,0.28431372549019607,0.20915032679738563
525,Polyp,grad_magnitude,ind_test,0.05,0.08,0.18
526,Polyp,grad_magnitude,EndoCV2020,0.1732283464566929,0.2440944881889764,0.2755905511811024
527,Polyp,grad_magnitude,ind_test,0.05,0.08,0.18
528,Polyp,grad_magnitude,EtisLaribDB,0.4846938775510204,0.6581632653061225,0.12244897959183673
529,Polyp,grad_magnitude,ind_test,0.05,0.08,0.28
530,Polyp,grad_magnitude,CVC-ClinicDB,0.1650326797385621,0.28431372549019607,0.30718954248366015
531,Polyp,grad_magnitude,ind_test,0.05,0.08,0.28
532,Polyp,grad_magnitude,EndoCV2020,0.13385826771653545,0.2440944881889764,0.4094488188976378
533,Polyp,grad_magnitude,ind_test,0.05,0.08,0.28
534,Polyp,grad_magnitude,EtisLaribDB,0.4846938775510204,0.6581632653061225,0.12244897959183673
535,Polyp,grad_magnitude,ind_test,0.05,0.08,0.26
536,Polyp,grad_magnitude,CVC-ClinicDB,0.1650326797385621,0.28431372549019607,0.3006535947712418
537,Polyp,grad_magnitude,ind_test,0.05,0.08,0.26
538,Polyp,grad_magnitude,EndoCV2020,0.13385826771653545,0.2440944881889764,0.4094488188976378
539,Polyp,grad_magnitude,ind_test,0.05,0.08,0.26
540,Polyp,cross_entropy,EtisLaribDB,0.1989795918367347,0.6581632653061225,0.2193877551020408
541,Polyp,cross_entropy,ind_test,0.08,0.08,0.06
542,Polyp,cross_entropy,CVC-ClinicDB,0.23366013071895425,0.28431372549019607,0.12418300653594772
543,Polyp,cross_entropy,ind_test,0.08,0.08,0.06
544,Polyp,cross_entropy,EndoCV2020,0.1732283464566929,0.2440944881889764,0.09448818897637795
545,Polyp,cross_entropy,ind_test,0.08,0.08,0.06
546,Polyp,cross_entropy,EtisLaribDB,0.14285714285714285,0.6581632653061225,0.2755102040816326
547,Polyp,cross_entropy,ind_test,0.05,0.08,0.3
548,Polyp,cross_entropy,CVC-ClinicDB,0.1388888888888889,0.28431372549019607,0.37254901960784315
549,Polyp,cross_entropy,ind_test,0.05,0.08,0.3
550,Polyp,cross_entropy,EndoCV2020,0.11811023622047244,0.2440944881889764,0.18110236220472442
551,Polyp,cross_entropy,ind_test,0.05,0.08,0.3
552,Polyp,cross_entropy,EtisLaribDB,0.6377551020408163,0.6581632653061225,0.015306122448979591
553,Polyp,cross_entropy,ind_test,0.07,0.08,0.09
554,Polyp,cross_entropy,CVC-ClinicDB,0.27450980392156865,0.28431372549019607,0.04411764705882353
555,Polyp,cross_entropy,ind_test,0.07,0.08,0.09
556,Polyp,cross_entropy,EndoCV2020,0.1889763779527559,0.2440944881889764,0.2204724409448819
557,Polyp,cross_entropy,ind_test,0.07,0.08,0.09
558,Polyp,energy,EtisLaribDB,0.09183673469387756,0.6581632653061225,0.30612244897959184
559,Polyp,energy,ind_test,0.08,0.08,0.14
560,Polyp,energy,CVC-ClinicDB,0.12254901960784313,0.28431372549019607,0.3431372549019608
561,Polyp,energy,ind_test,0.08,0.08,0.14
562,Polyp,energy,EndoCV2020,0.14960629921259844,0.2440944881889764,0.31496062992125984
563,Polyp,energy,ind_test,0.08,0.08,0.14
564,Polyp,energy,EtisLaribDB,0.03571428571428571,0.6581632653061225,0.3163265306122449
565,Polyp,energy,ind_test,0.07,0.08,0.28
566,Polyp,energy,CVC-ClinicDB,0.08496732026143791,0.28431372549019607,0.5032679738562091
567,Polyp,energy,ind_test,0.07,0.08,0.28
568,Polyp,energy,EndoCV2020,0.09448818897637795,0.2440944881889764,0.41732283464566927
569,Polyp,energy,ind_test,0.07,0.08,0.28
570,Polyp,energy,EtisLaribDB,0.03571428571428571,0.6581632653061225,0.3163265306122449
571,Polyp,energy,ind_test,0.07,0.08,0.3
572,Polyp,energy,CVC-ClinicDB,0.08006535947712418,0.28431372549019607,0.5130718954248366
573,Polyp,energy,ind_test,0.07,0.08,0.3
574,Polyp,energy,EndoCV2020,0.09448818897637795,0.2440944881889764,0.4645669291338583
575,Polyp,energy,ind_test,0.07,0.08,0.3
576,Polyp,typicality,EtisLaribDB,0.3010204081632653,0.6581632653061225,0.20408163265306123
577,Polyp,typicality,ind_test,0.06,0.08,0.19
578,Polyp,typicality,CVC-ClinicDB,0.27124183006535946,0.28431372549019607,0.03431372549019608
579,Polyp,typicality,ind_test,0.06,0.08,0.19
580,Polyp,typicality,EndoCV2020,0.16535433070866143,0.2440944881889764,0.2047244094488189
581,Polyp,typicality,ind_test,0.06,0.08,0.19
582,Polyp,typicality,EtisLaribDB,0.5816326530612245,0.6581632653061225,0.061224489795918366
583,Polyp,typicality,ind_test,0.08,0.08,0.12
584,Polyp,typicality,CVC-ClinicDB,0.08496732026143791,0.28431372549019607,0.49019607843137253
585,Polyp,typicality,ind_test,0.08,0.08,0.12
586,Polyp,typicality,EndoCV2020,0.2125984251968504,0.2440944881889764,0.08661417322834646
587,Polyp,typicality,ind_test,0.08,0.08,0.12
588,Polyp,typicality,EtisLaribDB,0.23469387755102042,0.6581632653061225,0.21428571428571427
589,Polyp,typicality,ind_test,0.03,0.08,0.42
590,Polyp,typicality,CVC-ClinicDB,0.26143790849673204,0.28431372549019607,0.07026143790849673
591,Polyp,typicality,ind_test,0.03,0.08,0.42
592,Polyp,typicality,EndoCV2020,0.08661417322834646,0.2440944881889764,0.5354330708661418
593,Polyp,typicality,ind_test,0.03,0.08,0.42
