,fold,feature_name,feature,loss
0,train,energy,41.95689010620117,0.045513808727264404
1,train,energy,44.4187126159668,0.06906270980834961
2,train,energy,48.665470123291016,0.1266612410545349
3,train,energy,50.622413635253906,0.07981181144714355
4,train,energy,47.98934555053711,0.11872965097427368
5,train,energy,43.8068733215332,0.09974169731140137
6,train,energy,38.12853240966797,0.8535372614860535
7,train,energy,44.115135192871094,0.053657710552215576
8,train,energy,44.57716369628906,0.2739373445510864
9,train,energy,42.75444030761719,0.26664113998413086
10,train,energy,47.568946838378906,0.031712234020233154
11,train,energy,44.759220123291016,0.22290199995040894
12,train,energy,47.809078216552734,0.07812350988388062
13,train,energy,49.93207931518555,0.0988054871559143
14,train,energy,40.98269271850586,0.058870553970336914
15,train,energy,47.061710357666016,0.10213649272918701
16,train,energy,46.834259033203125,0.11968708038330078
17,train,energy,47.54152297973633,0.3915993571281433
18,train,energy,42.30775833129883,0.11907029151916504
19,train,energy,45.582984924316406,0.08126974105834961
20,train,energy,49.77393341064453,0.05576133728027344
21,train,energy,54.216251373291016,0.09574621915817261
22,train,energy,47.26466751098633,0.04750359058380127
23,train,energy,37.021358489990234,0.2356145977973938
24,train,energy,51.16463851928711,0.13115745782852173
25,train,energy,48.530738830566406,0.03988778591156006
26,train,energy,39.99079132080078,0.1359817385673523
27,train,energy,47.980140686035156,0.12510740756988525
28,train,energy,44.14459228515625,0.06607300043106079
29,train,energy,31.73371696472168,0.16087740659713745
30,train,energy,32.358070373535156,0.11601495742797852
31,train,energy,46.56637954711914,0.16098886728286743
32,train,energy,42.2362174987793,0.2152184247970581
33,train,energy,43.29389953613281,0.15217262506484985
34,train,energy,47.47461700439453,0.05095040798187256
35,train,energy,47.934776306152344,0.07377076148986816
36,train,energy,49.27533721923828,0.10591679811477661
37,train,energy,40.34755325317383,0.1558436155319214
38,train,energy,46.95311737060547,0.08023583889007568
39,train,energy,54.20561981201172,0.5374855399131775
40,train,energy,35.30317306518555,0.16825896501541138
41,train,energy,27.442678451538086,0.35804104804992676
42,train,energy,42.95787811279297,0.08952367305755615
43,train,energy,46.2540397644043,0.06799709796905518
44,train,energy,43.39994812011719,0.07136058807373047
45,train,energy,51.03060531616211,0.16642266511917114
46,train,energy,50.61418533325195,0.06084209680557251
47,train,energy,53.010311126708984,0.07635492086410522
48,train,energy,51.72434997558594,0.1709803342819214
49,train,energy,46.30491256713867,0.09839427471160889
50,train,energy,22.930320739746094,0.15336060523986816
51,train,energy,45.71416091918945,0.06072026491165161
52,train,energy,26.039308547973633,0.47165536880493164
53,train,energy,37.247901916503906,0.22352570295333862
54,train,energy,23.01976776123047,0.7650939226150513
55,train,energy,52.974761962890625,0.02277195453643799
56,train,energy,46.91609573364258,0.1378297209739685
57,train,energy,46.972023010253906,0.05902528762817383
58,train,energy,44.16006851196289,0.07517927885055542
59,train,energy,45.93149948120117,0.06747156381607056
60,train,energy,51.13025665283203,0.08947890996932983
61,train,energy,44.72654724121094,0.10138428211212158
62,train,energy,42.41457748413086,0.22718459367752075
63,train,energy,34.545310974121094,0.13184529542922974
64,train,energy,36.87582015991211,0.15275675058364868
65,train,energy,47.69830322265625,0.06989669799804688
66,train,energy,48.99715042114258,0.039427876472473145
67,train,energy,52.64284896850586,0.09914076328277588
68,train,energy,43.40746307373047,0.04668372869491577
69,train,energy,51.205081939697266,0.14631801843643188
70,train,energy,43.15250015258789,0.1948269009590149
71,train,energy,47.39518356323242,0.12132048606872559
72,train,energy,42.22636413574219,0.0937531590461731
73,train,energy,49.6671028137207,0.09845417737960815
74,train,energy,42.451751708984375,0.09796249866485596
75,train,energy,49.96802520751953,0.05144524574279785
76,train,energy,41.46751022338867,0.11338174343109131
77,train,energy,49.166282653808594,0.05560779571533203
78,train,energy,49.2210578918457,0.07958990335464478
79,train,energy,49.558937072753906,0.07191568613052368
80,train,energy,49.0666389465332,0.11862528324127197
81,train,energy,1.861882209777832,0.11384457349777222
82,train,energy,35.70713424682617,0.12311631441116333
83,train,energy,42.86907958984375,0.11180132627487183
84,train,energy,33.97677993774414,0.21060079336166382
85,train,energy,51.873985290527344,0.0478593111038208
86,train,energy,45.084999084472656,0.06964761018753052
87,train,energy,47.83856201171875,0.0955725908279419
88,train,energy,46.54402160644531,0.09452110528945923
89,train,energy,47.241844177246094,0.18927204608917236
90,train,energy,31.110492706298828,0.08405047655105591
91,train,energy,51.034027099609375,0.05712074041366577
92,train,energy,48.522125244140625,0.09667116403579712
93,train,energy,47.99030303955078,0.1339438557624817
94,train,energy,38.824222564697266,0.04099249839782715
95,train,energy,45.05563735961914,0.6195592880249023
96,train,energy,52.12565994262695,0.05345964431762695
97,train,energy,31.079755783081055,0.19413793087005615
98,train,energy,49.74425506591797,0.21517109870910645
99,train,energy,54.44399642944336,0.055298030376434326
100,train,energy,49.20523452758789,0.09112280607223511
101,train,energy,44.36988830566406,0.051100194454193115
102,train,energy,50.68805694580078,0.043498098850250244
103,train,energy,50.19697189331055,0.08014905452728271
104,train,energy,50.405155181884766,0.04542487859725952
105,train,energy,45.76316452026367,0.08328807353973389
106,train,energy,42.85654067993164,0.1298007369041443
107,train,energy,51.29592514038086,0.09628516435623169
108,train,energy,50.386009216308594,0.04847574234008789
109,train,energy,40.03823471069336,0.09594833850860596
110,train,energy,49.151458740234375,0.077511727809906
111,train,energy,41.693668365478516,0.08297610282897949
112,train,energy,47.66425704956055,0.09485018253326416
113,train,energy,39.005653381347656,0.6577240824699402
114,train,energy,42.35344696044922,0.09922516345977783
115,train,energy,46.53236389160156,0.179010808467865
116,train,energy,49.127174377441406,0.03474593162536621
117,train,energy,45.47440719604492,0.08310359716415405
118,train,energy,40.912322998046875,0.1765444278717041
119,train,energy,39.985740661621094,0.07086604833602905
120,train,energy,47.32293701171875,0.057379305362701416
121,train,energy,49.43905258178711,0.11340463161468506
122,train,energy,23.728919982910156,0.20055925846099854
123,train,energy,48.07160568237305,0.05215030908584595
124,train,energy,48.37476348876953,0.12558472156524658
125,train,energy,47.00029373168945,0.11656337976455688
126,train,energy,47.37434768676758,0.09451466798782349
127,train,energy,47.72024917602539,0.06052309274673462
128,train,energy,44.50587844848633,0.17571985721588135
129,train,energy,49.89133834838867,0.7631827592849731
130,train,energy,37.23172378540039,0.17650598287582397
131,train,energy,47.2025260925293,0.061945974826812744
132,train,energy,44.450225830078125,0.0294530987739563
133,train,energy,51.435699462890625,0.049209654331207275
134,train,energy,33.75031661987305,0.14888495206832886
135,train,energy,41.720497131347656,0.03652471303939819
136,train,energy,52.86634063720703,0.0304948091506958
137,train,energy,53.79505157470703,0.07455354928970337
138,train,energy,48.27140426635742,0.033543944358825684
139,train,energy,48.182151794433594,0.037686705589294434
140,train,energy,51.24550247192383,0.1252535581588745
141,train,energy,45.35858917236328,0.10265594720840454
142,train,energy,42.458961486816406,0.04400670528411865
143,train,energy,46.19358444213867,0.09603095054626465
144,train,energy,46.05607604980469,0.1262441873550415
145,train,energy,34.78534698486328,0.4027889370918274
146,train,energy,49.239593505859375,0.210377037525177
147,train,energy,45.67660903930664,0.12767601013183594
148,train,energy,38.025264739990234,0.0509105920791626
149,train,energy,49.88473129272461,0.2804645895957947
150,train,energy,45.335872650146484,0.07498729228973389
151,train,energy,51.00945281982422,0.05721062421798706
152,train,energy,45.9789924621582,0.07015496492385864
153,train,energy,44.36735534667969,0.20080018043518066
154,train,energy,44.0321159362793,0.04459291696548462
155,train,energy,44.751564025878906,0.041439175605773926
156,train,energy,40.96691131591797,0.08682876825332642
157,train,energy,41.78664016723633,0.14709758758544922
158,train,energy,48.49788284301758,0.04775702953338623
159,train,energy,29.934494018554688,0.16315048933029175
160,train,energy,46.864009857177734,0.4775925278663635
161,train,energy,51.33448028564453,0.055468738079071045
162,train,energy,45.16577911376953,0.10444831848144531
163,train,energy,48.15631866455078,0.07742232084274292
164,train,energy,42.20243835449219,0.05971872806549072
165,train,energy,43.73520278930664,0.07626807689666748
166,train,energy,37.39720916748047,0.15337753295898438
167,train,energy,39.14910125732422,0.0418049693107605
168,train,energy,34.666236877441406,0.14237582683563232
169,train,energy,46.92799758911133,0.04944109916687012
170,train,energy,46.78941345214844,0.14495700597763062
171,train,energy,51.88418197631836,0.11068516969680786
172,train,energy,36.216224670410156,0.09953099489212036
173,train,energy,47.7360725402832,0.10883826017379761
174,train,energy,46.97520446777344,0.12902337312698364
175,train,energy,41.29362106323242,0.1445947289466858
176,train,energy,45.682613372802734,0.12028878927230835
177,train,energy,45.82156753540039,0.17779463529586792
178,train,energy,50.37895584106445,0.16682589054107666
179,train,energy,47.33836364746094,0.07762479782104492
180,train,energy,50.80113220214844,0.09705615043640137
181,train,energy,48.718631744384766,0.04772317409515381
182,train,energy,35.337894439697266,0.20273298025131226
183,train,energy,47.567527770996094,0.055997252464294434
184,train,energy,44.207069396972656,0.07142412662506104
185,train,energy,49.00362777709961,0.04916679859161377
186,train,energy,52.06044006347656,0.1718321442604065
187,train,energy,23.191883087158203,0.2568545341491699
188,train,energy,42.420494079589844,0.06240051984786987
189,train,energy,41.20029067993164,0.2643410563468933
190,train,energy,48.810447692871094,0.05275160074234009
191,train,energy,50.00298309326172,0.08521431684494019
192,train,energy,31.947782516479492,0.4747157096862793
193,train,energy,38.05733871459961,0.3912076950073242
194,train,energy,49.602970123291016,0.05497974157333374
195,train,energy,48.63218307495117,0.24355679750442505
196,train,energy,40.97080612182617,0.06880533695220947
197,train,energy,51.579811096191406,0.058435022830963135
198,train,energy,33.748958587646484,0.36813074350357056
199,train,energy,42.65924072265625,0.07269781827926636
200,train,energy,43.14802932739258,0.09272313117980957
201,train,energy,44.80084991455078,0.34142911434173584
202,train,energy,46.213653564453125,0.11838924884796143
203,train,energy,42.80671310424805,0.13658291101455688
204,train,energy,35.92099380493164,0.13718295097351074
205,train,energy,42.67343521118164,0.15486842393875122
206,train,energy,47.2310791015625,0.18523508310317993
207,train,energy,48.63447570800781,0.09809356927871704
208,train,energy,55.18126678466797,0.057669997215270996
209,train,energy,43.507442474365234,0.21202075481414795
210,train,energy,48.697898864746094,0.07034611701965332
211,train,energy,29.94072914123535,0.11823016405105591
212,train,energy,48.9886474609375,0.06310254335403442
213,train,energy,48.49977111816406,0.08303403854370117
214,train,energy,52.93455123901367,0.10429185628890991
215,train,energy,39.47264862060547,0.2062334418296814
216,train,energy,38.64787673950195,0.17846781015396118
217,train,energy,47.26150131225586,0.09141421318054199
218,train,energy,34.585205078125,0.15381503105163574
219,train,energy,41.1278076171875,0.1465640664100647
220,train,energy,40.933860778808594,0.14678794145584106
221,train,energy,47.87700271606445,0.09528601169586182
222,train,energy,46.89209747314453,0.06201934814453125
223,train,energy,48.03518295288086,0.13517260551452637
224,train,energy,38.38836669921875,0.3002343773841858
225,train,energy,45.30558776855469,0.12007635831832886
226,train,energy,41.48622131347656,0.13360369205474854
227,train,energy,-3.6594691276550293,0.9999978542327881
228,train,energy,39.693763732910156,0.2563050389289856
229,train,energy,47.226505279541016,0.09453487396240234
230,train,energy,46.366111755371094,0.08792096376419067
231,train,energy,47.558067321777344,0.09926438331604004
232,train,energy,49.44179916381836,0.03755372762680054
233,train,energy,46.64362716674805,0.2219422459602356
234,train,energy,47.500553131103516,0.06068456172943115
235,train,energy,41.70096969604492,0.16767632961273193
236,train,energy,39.710426330566406,0.10377037525177002
237,train,energy,47.976234436035156,0.12387162446975708
238,train,energy,44.82777786254883,0.05767244100570679
239,train,energy,47.180912017822266,0.03392958641052246
240,train,energy,36.71926498413086,0.07638871669769287
241,train,energy,49.80140686035156,0.06992119550704956
242,train,energy,45.98923110961914,0.05440640449523926
243,train,energy,43.53239059448242,0.06259936094284058
244,train,energy,30.369569778442383,0.32694971561431885
245,train,energy,42.258609771728516,0.09832662343978882
246,train,energy,41.96449279785156,0.08866816759109497
247,train,energy,40.123802185058594,0.08432680368423462
248,train,energy,50.709922790527344,0.04742002487182617
249,train,energy,30.954116821289062,0.14849334955215454
250,train,energy,51.460384368896484,0.199116051197052
251,train,energy,44.3490104675293,0.05626654624938965
252,train,energy,37.339412689208984,0.0661117434501648
253,train,energy,45.765968322753906,0.042268574237823486
254,train,energy,57.51968002319336,0.05073601007461548
255,train,energy,54.936058044433594,0.06848263740539551
256,train,energy,46.49557876586914,0.07805293798446655
257,train,energy,42.155426025390625,0.3536744713783264
258,train,energy,39.50772476196289,0.3022204041481018
259,train,energy,53.4332275390625,0.0917014479637146
260,train,energy,48.39861297607422,0.13934803009033203
261,train,energy,42.53953552246094,0.4789266586303711
262,train,energy,32.361602783203125,0.4244730472564697
263,train,energy,43.96029281616211,0.11297434568405151
264,train,energy,40.834877014160156,0.18840938806533813
265,train,energy,51.67054748535156,0.0484805703163147
266,train,energy,51.73296356201172,0.11231011152267456
267,train,energy,53.1115837097168,0.09105217456817627
268,train,energy,53.86153793334961,0.10668957233428955
269,train,energy,40.0677375793457,0.06943583488464355
270,train,energy,46.54070281982422,0.1781834363937378
271,train,energy,53.145668029785156,0.07708019018173218
272,train,energy,45.798553466796875,0.03146564960479736
273,train,energy,42.497257232666016,0.30562877655029297
274,train,energy,47.213680267333984,0.05285835266113281
275,train,energy,38.15484619140625,0.7686917185783386
276,train,energy,59.39959716796875,0.07149887084960938
277,train,energy,35.253726959228516,0.13123399019241333
278,train,energy,52.70750427246094,0.2503369450569153
279,train,energy,30.501575469970703,0.5571916103363037
280,train,energy,48.61884307861328,0.058284223079681396
281,train,energy,46.501773834228516,0.13313406705856323
282,train,energy,48.00600051879883,0.08307778835296631
283,train,energy,11.033897399902344,0.9999750256538391
284,train,energy,45.466102600097656,0.11774194240570068
285,train,energy,45.007835388183594,0.2172972559928894
286,train,energy,47.997745513916016,0.0663607120513916
287,train,energy,30.77983856201172,0.6058180928230286
288,train,energy,51.06618118286133,0.18481075763702393
289,train,energy,45.04983901977539,0.07983636856079102
290,train,energy,28.557689666748047,0.3682391047477722
291,train,energy,41.923851013183594,0.7884599566459656
292,train,energy,50.040672302246094,0.07789492607116699
293,train,energy,47.79782485961914,0.07016032934188843
294,train,energy,42.35654067993164,0.06110584735870361
295,train,energy,35.8852653503418,0.2329661250114441
296,train,energy,35.08476257324219,0.1867547631263733
297,train,energy,47.53031921386719,0.05587559938430786
298,train,energy,46.914588928222656,0.055522382259368896
299,train,energy,44.652862548828125,0.05634862184524536
300,train,energy,51.559898376464844,0.07619166374206543
301,train,energy,53.86750411987305,0.09280800819396973
302,train,energy,49.97311019897461,0.1564679741859436
303,train,energy,47.6754150390625,0.2034187912940979
304,train,energy,38.66593933105469,0.1811097264289856
305,train,energy,27.799076080322266,0.07180452346801758
306,train,energy,54.62282943725586,0.09849214553833008
307,train,energy,16.517641067504883,1.0
308,train,energy,40.454627990722656,0.04410165548324585
309,train,energy,44.69120407104492,0.03403550386428833
310,train,energy,55.28313446044922,0.2126792073249817
311,train,energy,48.49302291870117,0.062023818492889404
312,train,energy,43.30074691772461,0.13508844375610352
313,train,energy,47.055747985839844,0.28233104944229126
314,train,energy,53.16682815551758,0.14408308267593384
315,train,energy,49.73966979980469,0.06318944692611694
316,train,energy,48.963462829589844,0.09162110090255737
317,train,energy,45.968414306640625,0.0821002721786499
318,train,energy,45.93608856201172,0.06938272714614868
319,train,energy,40.72995376586914,0.3114330768585205
320,train,energy,48.34965133666992,0.09724557399749756
321,train,energy,47.69974899291992,0.06062394380569458
322,train,energy,42.470848083496094,0.07634013891220093
323,train,energy,34.42902374267578,0.15403294563293457
324,train,energy,49.929630279541016,0.1387084722518921
325,train,energy,41.615745544433594,0.10430639982223511
326,train,energy,43.1197624206543,0.04553920030593872
327,train,energy,49.4152946472168,0.2052975296974182
328,train,energy,52.39346694946289,0.11037552356719971
329,train,energy,43.75947570800781,0.24857991933822632
330,train,energy,37.36384963989258,0.10757404565811157
331,train,energy,37.1404914855957,0.11828398704528809
332,train,energy,34.512271881103516,0.14411407709121704
333,train,energy,44.4197998046875,0.11038464307785034
334,train,energy,45.51494598388672,0.12893038988113403
335,train,energy,47.02684020996094,0.13432931900024414
336,train,energy,15.646599769592285,1.0
337,train,energy,44.354248046875,0.07280623912811279
338,train,energy,47.061492919921875,0.10199540853500366
339,train,energy,49.83183288574219,0.08221161365509033
340,train,energy,42.63081741333008,0.16613435745239258
341,train,energy,46.22634506225586,0.06299751996994019
342,train,energy,46.56425476074219,0.1683751344680786
343,train,energy,53.34007263183594,0.07451009750366211
344,train,energy,51.66852569580078,0.1715424656867981
345,train,energy,46.12189865112305,0.11719423532485962
346,train,energy,39.730098724365234,0.19734859466552734
347,train,energy,48.25703048706055,0.05887150764465332
348,train,energy,27.377735137939453,0.6107796430587769
349,train,energy,47.9498405456543,0.16763639450073242
350,train,energy,40.089744567871094,0.15386849641799927
351,train,energy,40.30240249633789,0.1549859642982483
352,train,energy,44.090492248535156,0.06434524059295654
353,train,energy,37.51436996459961,0.11884486675262451
354,train,energy,45.30482864379883,0.1387311816215515
355,train,energy,52.599422454833984,0.05445307493209839
356,train,energy,45.87335205078125,0.31347960233688354
357,train,energy,35.07566452026367,0.16202086210250854
358,train,energy,41.937007904052734,0.18383610248565674
359,train,energy,53.82632064819336,0.15829217433929443
360,train,energy,45.754005432128906,0.042440593242645264
361,train,energy,51.555152893066406,0.13736015558242798
362,train,energy,43.02885437011719,0.21278035640716553
363,train,energy,54.81425476074219,0.06901341676712036
364,train,energy,45.56547164916992,0.08222836256027222
365,train,energy,36.436065673828125,0.17648881673812866
366,train,energy,46.7691650390625,0.05574440956115723
367,train,energy,40.48358917236328,0.24530082941055298
368,train,energy,41.45927429199219,0.15883082151412964
369,train,energy,41.082218170166016,0.16489803791046143
370,train,energy,42.64204788208008,0.11088359355926514
371,train,energy,39.74382019042969,0.21192830801010132
372,train,energy,48.88588333129883,0.1586276888847351
373,train,energy,43.57973861694336,0.0357474684715271
374,train,energy,52.91606521606445,0.05631536245346069
375,train,energy,41.89583969116211,0.12945616245269775
376,train,energy,52.556068420410156,0.078727126121521
377,train,energy,49.59584426879883,0.0763624906539917
378,train,energy,42.16632080078125,0.35499894618988037
379,train,energy,47.63322067260742,0.10885149240493774
380,train,energy,45.47697830200195,0.1017770767211914
381,train,energy,53.409873962402344,0.08817529678344727
382,train,energy,49.23674392700195,0.03220343589782715
383,train,energy,49.23468017578125,0.09390127658843994
384,train,energy,46.0203742980957,0.041837453842163086
385,train,energy,49.5214958190918,0.09292018413543701
386,train,energy,16.34088706970215,0.3281489610671997
387,train,energy,40.028987884521484,0.1480543613433838
388,train,energy,50.20232009887695,0.29028189182281494
389,train,energy,50.64836883544922,0.2006968855857849
390,train,energy,48.79806137084961,0.11930626630783081
391,train,energy,49.568199157714844,0.08407622575759888
392,train,energy,30.344959259033203,0.3705187439918518
393,train,energy,45.711605072021484,0.10261362791061401
394,train,energy,41.812347412109375,0.12979716062545776
395,train,energy,21.47817611694336,1.0
396,train,energy,48.87921142578125,0.08722144365310669
397,train,energy,50.25265884399414,0.08166706562042236
398,train,energy,37.602821350097656,0.26698535680770874
399,train,energy,48.65596008300781,0.19608503580093384
400,train,energy,50.42186737060547,0.07071107625961304
401,train,energy,42.51559829711914,0.08410012722015381
402,train,energy,45.973812103271484,0.0828128457069397
403,train,energy,35.054412841796875,0.5941597819328308
404,train,energy,34.4575309753418,0.08495759963989258
405,train,energy,31.25010108947754,0.6920323371887207
406,train,energy,46.915855407714844,0.10432207584381104
407,train,energy,24.479875564575195,0.1828392744064331
408,train,energy,51.55293273925781,0.22033333778381348
409,train,energy,38.58241653442383,0.3478654623031616
410,train,energy,45.923336029052734,0.09370315074920654
411,train,energy,54.2014045715332,0.056881070137023926
412,train,energy,41.43141555786133,0.07735252380371094
413,train,energy,41.431480407714844,0.07252663373947144
414,train,energy,33.64693069458008,0.2915857434272766
415,train,energy,46.21992492675781,0.10475510358810425
416,train,energy,43.57252883911133,0.12948912382125854
417,train,energy,45.97490692138672,0.12513506412506104
418,train,energy,44.75366973876953,0.04922330379486084
419,train,energy,48.311744689941406,0.043210506439208984
420,train,energy,37.998565673828125,0.08483380079269409
421,train,energy,48.25491714477539,0.19912123680114746
422,train,energy,46.40636444091797,0.05967897176742554
423,train,energy,45.26685333251953,0.21054160594940186
424,train,energy,45.73202896118164,0.0328068733215332
425,train,energy,43.94330596923828,0.07276958227157593
426,train,energy,44.369773864746094,0.06333595514297485
427,train,energy,52.01633071899414,0.10362321138381958
428,train,energy,49.35272216796875,0.04591691493988037
429,train,energy,52.375221252441406,0.22484570741653442
430,train,energy,47.574947357177734,0.05290067195892334
431,train,energy,41.8493537902832,0.06704431772232056
432,train,energy,42.192359924316406,0.05905282497406006
433,train,energy,41.62495803833008,0.11330419778823853
434,train,energy,51.28792190551758,0.11671912670135498
435,train,energy,44.02108383178711,0.1611214280128479
436,train,energy,51.5887336730957,0.10364699363708496
437,train,energy,49.09031677246094,0.045458972454071045
438,train,energy,52.9163703918457,0.07154613733291626
439,train,energy,50.32804870605469,0.08267080783843994
440,train,energy,45.07855224609375,0.13715624809265137
441,train,energy,44.31611251831055,0.05608242750167847
442,train,energy,47.58165740966797,0.06907021999359131
443,train,energy,41.17405700683594,0.22401714324951172
444,train,energy,45.524497985839844,0.05295455455780029
445,train,energy,50.020973205566406,0.10452580451965332
446,train,energy,49.3588752746582,0.12408322095870972
447,train,energy,35.825958251953125,0.23624682426452637
448,train,energy,-3.2000646591186523,1.0
449,train,energy,43.810665130615234,0.161704421043396
450,train,energy,43.619544982910156,0.07156312465667725
451,train,energy,47.104373931884766,0.06406134366989136
452,train,energy,40.122615814208984,0.1399158239364624
453,train,energy,44.652198791503906,0.09538894891738892
454,train,energy,49.77448272705078,0.06663918495178223
455,train,energy,46.129905700683594,0.21923893690109253
456,train,energy,39.70361328125,0.3243359327316284
457,train,energy,36.05189895629883,0.261699914932251
458,train,energy,48.15553665161133,0.11727166175842285
459,train,energy,44.07279968261719,0.0905613899230957
460,train,energy,47.78584671020508,0.07221680879592896
461,train,energy,46.29030990600586,0.06054484844207764
462,train,energy,49.02346420288086,0.18166005611419678
463,train,energy,45.84600830078125,0.03193628787994385
464,train,energy,52.769649505615234,0.05036032199859619
465,train,energy,51.10422897338867,0.09138494729995728
466,train,energy,35.71940612792969,0.15101701021194458
467,train,energy,42.42529296875,0.04725140333175659
468,train,energy,47.672489166259766,0.16314822435379028
469,train,energy,36.090850830078125,0.059709370136260986
470,train,energy,47.384674072265625,0.3979036211967468
471,train,energy,51.51496505737305,0.08046668767929077
472,train,energy,46.940731048583984,0.11787945032119751
473,train,energy,28.389163970947266,0.3746667504310608
474,train,energy,53.036006927490234,0.08600795269012451
475,train,energy,42.03702926635742,0.05072063207626343
476,train,energy,47.60076904296875,0.140505850315094
477,train,energy,43.220428466796875,0.06716644763946533
478,train,energy,46.67210006713867,0.06630909442901611
479,train,energy,44.728092193603516,0.11202460527420044
480,train,energy,37.27495193481445,0.16554999351501465
481,train,energy,48.848793029785156,0.08633172512054443
482,train,energy,48.089805603027344,0.17612171173095703
483,train,energy,46.796146392822266,0.09122592210769653
484,train,energy,47.803924560546875,0.07581806182861328
485,train,energy,40.84544372558594,0.06687557697296143
486,train,energy,43.322906494140625,0.07470792531967163
487,train,energy,40.890419006347656,0.39918023347854614
488,train,energy,50.999794006347656,0.0498008131980896
489,train,energy,47.88035202026367,0.04521501064300537
490,train,energy,46.373313903808594,0.06930643320083618
491,train,energy,42.7183837890625,0.0760987401008606
492,train,energy,48.337459564208984,0.15900170803070068
493,train,energy,51.35000991821289,0.08207118511199951
494,train,energy,43.681461334228516,0.28300899267196655
495,train,energy,44.57625198364258,0.08869576454162598
496,train,energy,44.44040298461914,0.06018495559692383
497,train,energy,46.499874114990234,0.03762322664260864
498,train,energy,50.122596740722656,0.0785071849822998
499,train,energy,49.368106842041016,0.04715120792388916
500,train,energy,30.048690795898438,0.11449998617172241
501,train,energy,51.155799865722656,0.0440937876701355
502,train,energy,53.54887771606445,0.04734534025192261
503,train,energy,49.101078033447266,0.04758143424987793
504,train,energy,42.47015380859375,0.09817826747894287
505,train,energy,47.2088623046875,0.0526885986328125
506,train,energy,52.14436340332031,0.40107065439224243
507,train,energy,54.55982208251953,0.04931360483169556
508,train,energy,41.38295364379883,0.0951758623123169
509,train,energy,48.99571228027344,0.0482935905456543
510,train,energy,39.428287506103516,0.18485522270202637
511,train,energy,50.59879684448242,0.06140100955963135
512,train,energy,45.95220947265625,0.07471179962158203
513,train,energy,48.02596664428711,0.1494511365890503
514,train,energy,24.228090286254883,0.751388430595398
515,train,energy,34.55270767211914,0.11924707889556885
516,train,energy,26.125381469726562,0.21703463792800903
517,train,energy,36.517822265625,0.16670626401901245
518,train,energy,51.568660736083984,0.33575302362442017
519,train,energy,53.204036712646484,0.08102834224700928
520,train,energy,30.386016845703125,0.18687528371810913
521,train,energy,30.38599967956543,0.16431570053100586
522,train,energy,48.67942810058594,0.1176941990852356
523,train,energy,43.07383728027344,0.10080844163894653
524,train,energy,54.83687973022461,0.10465216636657715
525,train,energy,40.28876876831055,0.09557682275772095
526,train,energy,50.48208999633789,0.06527358293533325
527,train,energy,59.792266845703125,0.09005576372146606
528,train,energy,53.21556091308594,0.19237184524536133
529,train,energy,46.30426025390625,0.2234632968902588
530,train,energy,41.918704986572266,0.16440707445144653
531,train,energy,44.86329650878906,0.10470759868621826
532,train,energy,37.85092544555664,0.87052321434021
533,train,energy,47.847412109375,0.20897024869918823
534,train,energy,42.37066650390625,0.05872368812561035
535,train,energy,33.68880844116211,0.3320959806442261
536,train,energy,42.90872573852539,0.1384761929512024
537,train,energy,37.59317398071289,0.08994168043136597
538,train,energy,38.963130950927734,0.07833623886108398
539,train,energy,41.8669548034668,0.06272673606872559
540,train,energy,38.99876022338867,0.14247936010360718
541,train,energy,44.77940368652344,0.08222705125808716
542,train,energy,51.42520523071289,0.10396230220794678
543,train,energy,42.839359283447266,0.08252990245819092
544,train,energy,40.35423278808594,0.04446530342102051
545,train,energy,43.78040313720703,0.15273016691207886
546,train,energy,49.33545684814453,0.11459487676620483
547,train,energy,52.77901077270508,0.08852100372314453
548,train,energy,41.72856903076172,0.12985390424728394
549,train,energy,23.971599578857422,0.2693518400192261
550,train,energy,47.495174407958984,0.07167834043502808
551,train,energy,36.68285369873047,0.18631595373153687
552,train,energy,51.09248352050781,0.12396204471588135
553,train,energy,51.18550109863281,0.07366430759429932
554,train,energy,50.60032653808594,0.06693696975708008
555,train,energy,50.43417739868164,0.485953152179718
556,train,energy,33.29545974731445,0.2803981900215149
557,train,energy,53.959495544433594,0.07065272331237793
558,train,energy,50.187164306640625,0.05766415596008301
559,train,energy,37.302371978759766,0.10506725311279297
560,train,energy,49.478302001953125,0.3876881003379822
561,train,energy,43.741050720214844,0.057604193687438965
562,train,energy,45.91958236694336,0.05182105302810669
563,train,energy,45.12529373168945,0.1537785530090332
564,train,energy,45.2411003112793,0.016064584255218506
565,train,energy,50.62529754638672,0.11632734537124634
566,train,energy,40.511959075927734,0.10438162088394165
567,train,energy,33.37688064575195,0.06293642520904541
568,train,energy,53.76155471801758,0.05569159984588623
569,train,energy,32.69623565673828,0.15878403186798096
570,train,energy,46.48463439941406,0.06340467929840088
571,train,energy,45.376869201660156,0.05493968725204468
572,train,energy,45.0748291015625,0.028088510036468506
573,train,energy,45.49763488769531,0.20536446571350098
574,train,energy,41.81128692626953,0.14160281419754028
575,train,energy,34.20211410522461,0.16444331407546997
576,train,energy,48.70092010498047,0.12374407052993774
577,train,energy,56.14322280883789,0.06826013326644897
578,train,energy,53.301551818847656,0.072390615940094
579,train,energy,43.418609619140625,0.15062999725341797
580,train,energy,45.08783721923828,0.08865165710449219
581,train,energy,45.387725830078125,0.09362286329269409
582,train,energy,49.066429138183594,0.3117048144340515
583,train,energy,52.13441848754883,0.06851363182067871
584,train,energy,49.46202850341797,0.04972994327545166
585,train,energy,51.009033203125,0.16983848810195923
586,train,energy,40.79299545288086,0.07558679580688477
587,train,energy,39.747188568115234,0.5243852138519287
588,train,energy,42.289947509765625,0.19830942153930664
589,train,energy,43.405033111572266,0.5056478977203369
590,train,energy,51.32139205932617,0.09540903568267822
591,train,energy,49.98079299926758,0.1095232367515564
592,train,energy,42.243736267089844,0.2890738248825073
593,train,energy,45.151161193847656,0.07771128416061401
594,train,energy,48.301429748535156,0.08087003231048584
595,train,energy,42.51409912109375,0.06755673885345459
596,train,energy,47.38983154296875,0.1582503318786621
597,train,energy,44.8139533996582,0.2572072148323059
598,train,energy,49.51359558105469,0.05798405408859253
599,train,energy,46.80482482910156,0.2904769778251648
600,train,energy,50.213741302490234,0.043842971324920654
601,train,energy,46.93135070800781,0.09829384088516235
602,train,energy,39.02615737915039,0.18473690748214722
603,train,energy,39.704315185546875,0.19136559963226318
604,train,energy,51.28011703491211,0.07637608051300049
605,train,energy,46.33890151977539,0.12891936302185059
606,train,energy,41.30609893798828,0.20919251441955566
607,train,energy,52.31218719482422,0.045782625675201416
608,train,energy,49.438594818115234,0.05257517099380493
609,train,energy,47.92008590698242,0.08892440795898438
610,train,energy,44.02806854248047,0.06460893154144287
611,train,energy,48.58419418334961,0.06579166650772095
612,train,energy,37.31013107299805,0.1103506088256836
613,train,energy,34.89532470703125,0.13246124982833862
614,train,energy,51.622100830078125,0.06557536125183105
615,train,energy,35.69173812866211,0.11625200510025024
616,train,energy,47.45918273925781,0.2598617672920227
617,train,energy,46.54582214355469,0.09350311756134033
618,train,energy,51.48965072631836,0.07165384292602539
619,train,energy,42.94199752807617,0.1280982494354248
620,train,energy,57.56608200073242,0.06383925676345825
621,train,energy,50.580841064453125,0.07674962282180786
622,train,energy,47.85710144042969,0.10978895425796509
623,train,energy,48.22572326660156,0.07623660564422607
624,train,energy,54.47283935546875,0.12179303169250488
625,train,energy,39.81752014160156,0.07907205820083618
626,train,energy,43.594078063964844,0.11530959606170654
627,train,energy,47.3046875,0.024618089199066162
628,train,energy,48.560691833496094,0.25950825214385986
629,train,energy,47.454124450683594,0.25243479013442993
630,train,energy,44.7900390625,0.08392852544784546
631,train,energy,48.80945587158203,0.15004777908325195
632,train,energy,49.17704391479492,0.03490811586380005
633,train,energy,47.05356979370117,0.0521278977394104
634,train,energy,41.88676071166992,0.11180073022842407
635,train,energy,44.058902740478516,0.10514849424362183
636,train,energy,43.92465591430664,0.2792738080024719
637,train,energy,3.4138102531433105,0.9994799494743347
638,train,energy,32.64383316040039,0.4569828510284424
639,train,energy,50.28805923461914,0.07048815488815308
640,train,energy,31.65483856201172,0.10422486066818237
641,train,energy,50.61704635620117,0.06081724166870117
642,train,energy,49.43017578125,0.0481906533241272
643,train,energy,37.989017486572266,0.2511581778526306
644,train,energy,46.021610260009766,0.15280365943908691
645,train,energy,43.80464553833008,0.09677445888519287
646,train,energy,42.979984283447266,0.11178731918334961
647,train,energy,30.418516159057617,0.4526076316833496
648,train,energy,50.15283966064453,0.06941181421279907
649,train,energy,35.385345458984375,0.14781492948532104
650,train,energy,48.48320007324219,0.2747092843055725
651,train,energy,42.92794418334961,0.14739304780960083
652,train,energy,51.15849304199219,0.4925689697265625
653,train,energy,35.37432098388672,0.18467211723327637
654,train,energy,50.946842193603516,0.13239997625350952
655,train,energy,49.477073669433594,0.08584177494049072
656,train,energy,49.6785774230957,0.04947996139526367
657,train,energy,26.109172821044922,0.11264598369598389
658,train,energy,53.28995895385742,0.09914904832839966
659,train,energy,49.1832275390625,0.12718051671981812
660,train,energy,42.79945373535156,0.24568092823028564
661,train,energy,57.25516891479492,0.05852687358856201
662,train,energy,43.641029357910156,0.08145546913146973
663,train,energy,50.10966873168945,0.15254342555999756
664,train,energy,53.29305648803711,0.12663620710372925
665,train,energy,45.225502014160156,0.10592669248580933
666,train,energy,46.07059097290039,0.13368970155715942
667,train,energy,49.27748489379883,0.17457884550094604
668,train,energy,46.86360549926758,0.04461371898651123
669,train,energy,38.734046936035156,0.058342695236206055
670,train,energy,54.07316589355469,0.1496451497077942
671,train,energy,48.89017868041992,0.20609301328659058
672,train,energy,50.60440444946289,0.18872028589248657
673,train,energy,41.65814208984375,0.11053091287612915
674,train,energy,42.82158660888672,0.08003509044647217
675,train,energy,49.42581558227539,0.08340096473693848
676,train,energy,46.01951599121094,0.07703584432601929
677,train,energy,42.26279067993164,0.08111107349395752
678,train,energy,46.776329040527344,0.0716325044631958
679,train,energy,47.62034225463867,0.06289511919021606
680,train,energy,45.05016326904297,0.19018572568893433
681,train,energy,48.570369720458984,0.1510176658630371
682,train,energy,47.088741302490234,0.09007441997528076
683,train,energy,52.0223388671875,0.12465137243270874
684,train,energy,48.0753173828125,0.09536385536193848
685,train,energy,45.7132453918457,0.18831604719161987
686,train,energy,50.59062194824219,0.10442847013473511
687,train,energy,44.703914642333984,0.2018899917602539
688,train,energy,44.83795928955078,0.34097152948379517
689,train,energy,52.24931716918945,0.11831963062286377
690,train,energy,49.94844055175781,0.09392833709716797
691,train,energy,42.19123840332031,0.053114235401153564
692,train,energy,44.936073303222656,0.05639171600341797
693,train,energy,42.236732482910156,0.12919163703918457
694,train,energy,53.01011276245117,0.07982295751571655
695,train,energy,46.68279266357422,0.11721360683441162
696,train,energy,49.32543182373047,0.06534254550933838
697,train,energy,43.788116455078125,0.09138095378875732
698,train,energy,47.83312225341797,0.14393764734268188
699,train,energy,45.8998908996582,0.04816579818725586
700,train,energy,41.32102584838867,0.07685166597366333
701,train,energy,57.345733642578125,0.11170673370361328
702,train,energy,45.559593200683594,0.12612295150756836
703,train,energy,49.934295654296875,0.06383740901947021
704,train,energy,32.098297119140625,0.5011692047119141
705,train,energy,44.74985885620117,0.1000397801399231
706,train,energy,40.89519119262695,0.06656879186630249
707,train,energy,47.10578155517578,0.05050158500671387
708,train,energy,42.12230682373047,0.536375880241394
709,train,energy,41.79854202270508,0.06282651424407959
710,train,energy,44.063636779785156,0.17966264486312866
711,train,energy,51.05313491821289,0.04725539684295654
712,train,energy,45.0939826965332,0.05278509855270386
713,train,energy,46.94401550292969,0.19529753923416138
714,train,energy,49.45143508911133,0.12776625156402588
715,train,energy,46.31842803955078,0.14747130870819092
716,train,energy,41.973873138427734,0.06183004379272461
717,train,energy,44.138492584228516,0.12017554044723511
718,train,energy,42.71455764770508,0.0884847640991211
719,train,energy,47.334327697753906,0.302219033241272
720,train,energy,47.03447723388672,0.15945279598236084
721,train,energy,35.795509338378906,0.12055850028991699
722,train,energy,52.161231994628906,0.06779015064239502
723,train,energy,50.54741668701172,0.052120864391326904
724,train,energy,51.3646125793457,0.06428474187850952
725,train,energy,40.299591064453125,0.0577433705329895
726,train,energy,46.18671798706055,0.08451575040817261
727,train,energy,50.41566848754883,0.0848875641822815
728,train,energy,50.29357147216797,0.05110377073287964
729,train,energy,43.58089828491211,0.11317664384841919
730,train,energy,48.41499328613281,0.0407370924949646
731,train,energy,50.33683776855469,0.9316699504852295
732,train,energy,48.05469512939453,0.06490731239318848
733,train,energy,42.55051040649414,0.08444952964782715
734,train,energy,50.52531051635742,0.07779455184936523
735,train,energy,45.22174835205078,0.1248425841331482
736,train,energy,46.815303802490234,0.11215925216674805
737,train,energy,43.9495964050293,0.06454813480377197
738,train,energy,46.84278869628906,0.054471492767333984
739,train,energy,42.266845703125,0.09920430183410645
740,train,energy,46.72206497192383,0.15561681985855103
741,train,energy,41.474971771240234,0.4676867127418518
742,train,energy,34.16102981567383,0.14112204313278198
743,train,energy,34.92093276977539,0.14524829387664795
744,train,energy,46.191261291503906,0.056727468967437744
745,train,energy,46.22603225708008,0.10237020254135132
746,train,energy,42.98689651489258,0.07289958000183105
747,train,energy,43.65747833251953,0.05103367567062378
748,train,energy,-1.2077178955078125,0.9994206428527832
749,train,energy,47.168304443359375,0.08883070945739746
750,train,energy,52.653194427490234,0.06996798515319824
751,train,energy,52.985511779785156,0.07381319999694824
752,train,energy,48.17258834838867,0.046919822692871094
753,train,energy,41.26791763305664,0.08394140005111694
754,train,energy,47.31478500366211,0.040515363216400146
755,train,energy,51.534324645996094,0.4338304400444031
756,train,energy,46.99886703491211,0.05487847328186035
757,train,energy,44.66654968261719,0.06175273656845093
758,train,energy,38.45686721801758,0.2596559524536133
759,train,energy,49.54823303222656,0.07722169160842896
760,train,energy,50.139312744140625,0.04324132204055786
761,train,energy,46.048240661621094,0.12065249681472778
762,train,energy,39.84567642211914,0.1365991234779358
763,train,energy,34.128997802734375,0.8535409569740295
764,train,energy,49.570926666259766,0.17410999536514282
765,train,energy,38.00010681152344,0.1644759178161621
766,train,energy,46.4112434387207,0.11653101444244385
767,train,energy,50.69465255737305,0.029661059379577637
768,train,energy,50.24297332763672,0.19518977403640747
769,train,energy,48.46407699584961,0.06366360187530518
770,train,energy,41.53013229370117,0.11909574270248413
771,train,energy,43.38888931274414,0.08619743585586548
772,train,energy,51.20172882080078,0.06188511848449707
773,train,energy,22.46088981628418,0.5291699171066284
774,train,energy,40.24102020263672,0.055757761001586914
775,train,energy,50.14269256591797,0.07019984722137451
776,train,energy,58.74337387084961,0.03994405269622803
777,train,energy,39.01691436767578,0.14340966939926147
778,train,energy,45.451873779296875,0.21766948699951172
779,train,energy,47.347511291503906,0.6305660009384155
780,train,energy,46.845130920410156,0.14339834451675415
781,train,energy,51.5533561706543,0.08847290277481079
782,train,energy,47.95421600341797,0.07390177249908447
783,train,energy,37.39104461669922,0.10106933116912842
784,train,energy,40.3739128112793,0.09019237756729126
785,train,energy,39.7983512878418,0.215215802192688
786,train,energy,51.86235427856445,0.1678270697593689
787,train,energy,9.846426010131836,1.0
788,train,energy,43.481300354003906,0.0781981348991394
789,train,energy,21.352766036987305,0.24856728315353394
790,train,energy,49.12214660644531,0.06538069248199463
791,train,energy,39.07290267944336,0.08948469161987305
792,train,energy,38.9892578125,0.1289891004562378
793,train,energy,40.20298767089844,0.06222796440124512
794,train,energy,44.8133659362793,0.4412720203399658
795,train,energy,38.770145416259766,0.07384169101715088
796,train,energy,36.56959915161133,0.1651289463043213
797,train,energy,49.1949348449707,0.34325599670410156
798,train,energy,40.75543975830078,0.1563822627067566
799,train,energy,37.626502990722656,0.20831787586212158
800,ind_val,energy,46.253990173339844,0.10144060850143433
801,ind_val,energy,40.570587158203125,0.1180756688117981
802,ind_val,energy,32.65385055541992,0.0702480673789978
803,ind_val,energy,42.08759689331055,0.27187103033065796
804,ind_val,energy,46.76278305053711,0.09016019105911255
805,ind_val,energy,45.04463577270508,0.09757870435714722
806,ind_val,energy,42.15385818481445,0.2214895486831665
807,ind_val,energy,50.26820373535156,0.11143171787261963
808,ind_val,energy,46.42213439941406,0.06852763891220093
809,ind_val,energy,50.44744110107422,0.19375216960906982
810,ind_val,energy,48.270259857177734,0.08514654636383057
811,ind_val,energy,51.4244270324707,0.13838279247283936
812,ind_val,energy,44.45545196533203,0.15117841958999634
813,ind_val,energy,38.57940673828125,0.1107245683670044
814,ind_val,energy,53.8302001953125,0.07690352201461792
815,ind_val,energy,47.15151596069336,0.1115075945854187
816,ind_val,energy,44.59291458129883,0.057772696018218994
817,ind_val,energy,46.488311767578125,0.06190270185470581
818,ind_val,energy,26.116371154785156,0.09659415483474731
819,ind_val,energy,42.495967864990234,0.11056387424468994
820,ind_val,energy,51.43743896484375,0.14379853010177612
821,ind_val,energy,45.735374450683594,0.32972949743270874
822,ind_val,energy,50.0541877746582,0.06276082992553711
823,ind_val,energy,15.151609420776367,0.8197268843650818
824,ind_val,energy,47.328216552734375,0.5306490659713745
825,ind_val,energy,39.194393157958984,0.09901624917984009
826,ind_val,energy,40.5599250793457,0.11570918560028076
827,ind_val,energy,47.645538330078125,0.41616982221603394
828,ind_val,energy,51.01228332519531,0.831936240196228
829,ind_val,energy,41.190757751464844,0.3534034490585327
830,ind_val,energy,2.0024099349975586,0.9997884035110474
831,ind_val,energy,44.7902946472168,0.08641332387924194
832,ind_val,energy,29.955219268798828,0.41338014602661133
833,ind_val,energy,31.115163803100586,0.32905077934265137
834,ind_val,energy,45.67246627807617,0.13423186540603638
835,ind_val,energy,47.96409606933594,0.0763852596282959
836,ind_val,energy,37.23271179199219,0.2777949571609497
837,ind_val,energy,37.674137115478516,0.13576042652130127
838,ind_val,energy,47.29878616333008,0.2890704274177551
839,ind_val,energy,48.360389709472656,0.20773136615753174
840,ind_val,energy,46.75371551513672,0.048044025897979736
841,ind_val,energy,49.83574295043945,0.05311846733093262
842,ind_val,energy,50.61167907714844,0.14929848909378052
843,ind_val,energy,46.63143539428711,0.10142922401428223
844,ind_val,energy,47.02851867675781,0.08781778812408447
845,ind_val,energy,47.43224334716797,0.6784738302230835
846,ind_val,energy,47.37053680419922,0.05721020698547363
847,ind_val,energy,39.751224517822266,0.414512574672699
848,ind_val,energy,46.71730041503906,0.07456600666046143
849,ind_val,energy,36.24929428100586,0.21631914377212524
850,ind_val,energy,41.86875534057617,0.28690075874328613
851,ind_val,energy,49.19219970703125,0.3593616485595703
852,ind_val,energy,46.88605499267578,0.3352646231651306
853,ind_val,energy,39.598419189453125,0.04028630256652832
854,ind_val,energy,43.56171798706055,0.1425977349281311
855,ind_val,energy,49.40846633911133,0.08148539066314697
856,ind_val,energy,49.416534423828125,0.05850481986999512
857,ind_val,energy,47.946651458740234,0.1472553014755249
858,ind_val,energy,48.86334228515625,0.16295552253723145
859,ind_val,energy,41.457984924316406,0.10995298624038696
860,ind_val,energy,56.58817672729492,0.09695523977279663
861,ind_val,energy,44.78678512573242,0.17973875999450684
862,ind_val,energy,49.461753845214844,0.22061294317245483
863,ind_val,energy,48.265254974365234,0.045008957386016846
864,ind_val,energy,52.28173065185547,0.08294951915740967
865,ind_val,energy,41.66512680053711,0.10931164026260376
866,ind_val,energy,39.53567123413086,0.1076270341873169
867,ind_val,energy,47.78106689453125,0.36090874671936035
868,ind_val,energy,47.80435562133789,0.17708688974380493
869,ind_val,energy,38.76166915893555,0.16089385747909546
870,ind_val,energy,46.24189376831055,0.050285398960113525
871,ind_val,energy,47.075340270996094,0.06486105918884277
872,ind_val,energy,41.8960075378418,0.1389961838722229
873,ind_val,energy,48.617855072021484,0.09039920568466187
874,ind_val,energy,37.65259552001953,0.11792463064193726
875,ind_val,energy,46.88166809082031,0.27876347303390503
876,ind_val,energy,43.78985595703125,0.14678984880447388
877,ind_val,energy,45.68595886230469,0.04365122318267822
878,ind_val,energy,41.92692565917969,0.09612905979156494
879,ind_val,energy,26.578256607055664,1.0
880,ind_val,energy,39.58011245727539,0.17333537340164185
881,ind_val,energy,48.06413650512695,0.15885180234909058
882,ind_val,energy,50.325279235839844,0.09049886465072632
883,ind_val,energy,45.29003143310547,0.20549273490905762
884,ind_val,energy,39.94795227050781,0.1695041060447693
885,ind_val,energy,42.75590515136719,0.05501645803451538
886,ind_val,energy,48.586952209472656,0.11721831560134888
887,ind_val,energy,28.36292839050293,0.4616208076477051
888,ind_val,energy,43.289249420166016,0.08925783634185791
889,ind_val,energy,17.658029556274414,0.6216868162155151
890,ind_val,energy,47.12514114379883,0.06436753273010254
891,ind_val,energy,20.103553771972656,0.7573974132537842
892,ind_val,energy,45.66719055175781,0.03508120775222778
893,ind_val,energy,1.9118785858154297,0.9970898032188416
894,ind_val,energy,50.90761184692383,0.07750993967056274
895,ind_val,energy,47.81541442871094,0.1296716332435608
896,ind_val,energy,49.35264205932617,0.060728371143341064
897,ind_val,energy,45.418148040771484,0.10489928722381592
898,ind_val,energy,34.365089416503906,0.6746553182601929
899,ind_val,energy,36.980377197265625,0.10082608461380005
900,ind_test,energy,51.33366012573242,0.1007697582244873
901,ind_test,energy,19.331024169921875,1.0
902,ind_test,energy,44.386627197265625,0.1358361840248108
903,ind_test,energy,49.75986862182617,0.05682194232940674
904,ind_test,energy,45.62736129760742,0.06709802150726318
905,ind_test,energy,39.26185607910156,0.09420263767242432
906,ind_test,energy,40.31577682495117,0.08827739953994751
907,ind_test,energy,29.32406997680664,0.5392099618911743
908,ind_test,energy,50.28763961791992,0.07964938879013062
909,ind_test,energy,45.49714660644531,0.0560070276260376
910,ind_test,energy,46.649024963378906,0.14397495985031128
911,ind_test,energy,49.897010803222656,0.10075873136520386
912,ind_test,energy,49.24375915527344,0.03247368335723877
913,ind_test,energy,45.09836959838867,0.20764535665512085
914,ind_test,energy,46.76517868041992,0.13631683588027954
915,ind_test,energy,29.406471252441406,0.27513933181762695
916,ind_test,energy,53.4494514465332,0.05052053928375244
917,ind_test,energy,47.45673751831055,0.07742780447006226
918,ind_test,energy,46.94895935058594,0.054919540882110596
919,ind_test,energy,47.06134033203125,0.17616885900497437
920,ind_test,energy,47.124794006347656,0.09789055585861206
921,ind_test,energy,49.588958740234375,0.05293232202529907
922,ind_test,energy,50.02402114868164,0.11428093910217285
923,ind_test,energy,40.35901641845703,0.06457209587097168
924,ind_test,energy,48.61531066894531,0.08536720275878906
925,ind_test,energy,50.37916564941406,0.05220288038253784
926,ind_test,energy,50.64237594604492,0.07740938663482666
927,ind_test,energy,41.774375915527344,0.22822600603103638
928,ind_test,energy,36.849491119384766,0.1268886923789978
929,ind_test,energy,25.160476684570312,0.15803349018096924
930,ind_test,energy,46.623714447021484,0.4177466630935669
931,ind_test,energy,20.73697853088379,0.5063338279724121
932,ind_test,energy,50.64884567260742,0.07385069131851196
933,ind_test,energy,48.819007873535156,0.13526886701583862
934,ind_test,energy,43.4461784362793,0.22561269998550415
935,ind_test,energy,28.91360092163086,0.21485549211502075
936,ind_test,energy,47.41632843017578,0.1855095624923706
937,ind_test,energy,28.787675857543945,0.160048246383667
938,ind_test,energy,50.32010269165039,0.08522915840148926
939,ind_test,energy,48.78242492675781,0.3310363292694092
940,ind_test,energy,42.83452224731445,0.1373785138130188
941,ind_test,energy,37.62051010131836,0.07945191860198975
942,ind_test,energy,44.92544174194336,0.04316598176956177
943,ind_test,energy,49.56474685668945,0.09504669904708862
944,ind_test,energy,50.16630935668945,0.3724675178527832
945,ind_test,energy,49.67291259765625,0.1251698136329651
946,ind_test,energy,44.885093688964844,0.10237520933151245
947,ind_test,energy,37.56449890136719,0.10292935371398926
948,ind_test,energy,46.48799514770508,0.06756991147994995
949,ind_test,energy,51.68277359008789,0.10206359624862671
950,ind_test,energy,33.011722564697266,0.17967760562896729
951,ind_test,energy,42.960391998291016,0.06897544860839844
952,ind_test,energy,23.139816284179688,0.9286686182022095
953,ind_test,energy,42.19702911376953,0.2674916982650757
954,ind_test,energy,42.623050689697266,0.12272763252258301
955,ind_test,energy,37.994815826416016,0.2799180746078491
956,ind_test,energy,49.297157287597656,0.21095013618469238
957,ind_test,energy,41.56099319458008,0.131011962890625
958,ind_test,energy,37.395992279052734,0.15822190046310425
959,ind_test,energy,52.60292434692383,0.09163373708724976
960,ind_test,energy,43.31715393066406,0.09225374460220337
961,ind_test,energy,48.90152359008789,0.03832745552062988
962,ind_test,energy,36.797813415527344,0.3006863594055176
963,ind_test,energy,37.33335494995117,0.08107376098632812
964,ind_test,energy,43.41796112060547,0.0978967547416687
965,ind_test,energy,46.834228515625,0.17720544338226318
966,ind_test,energy,54.23552703857422,0.05511528253555298
967,ind_test,energy,32.53816223144531,0.17373532056808472
968,ind_test,energy,45.38562774658203,0.6400508284568787
969,ind_test,energy,46.05413818359375,0.05650597810745239
970,ind_test,energy,47.44565963745117,0.07067954540252686
971,ind_test,energy,47.37800598144531,0.1424453854560852
972,ind_test,energy,47.51519775390625,0.15277773141860962
973,ind_test,energy,35.657066345214844,0.690322756767273
974,ind_test,energy,38.79082107543945,0.06970608234405518
975,ind_test,energy,34.152286529541016,0.9669787287712097
976,ind_test,energy,49.34739685058594,0.049163758754730225
977,ind_test,energy,48.4765739440918,0.06957948207855225
978,ind_test,energy,39.919677734375,0.10014277696609497
979,ind_test,energy,41.352027893066406,0.12268936634063721
980,ind_test,energy,19.536575317382812,1.0
981,ind_test,energy,47.88716125488281,0.5156134963035583
982,ind_test,energy,50.230228424072266,0.08872246742248535
983,ind_test,energy,51.85481643676758,0.11472582817077637
984,ind_test,energy,41.65856170654297,0.18986523151397705
985,ind_test,energy,53.226463317871094,0.29396486282348633
986,ind_test,energy,38.202667236328125,0.8946747779846191
987,ind_test,energy,47.17063522338867,0.03427380323410034
988,ind_test,energy,46.66365051269531,0.05006664991378784
989,ind_test,energy,51.117305755615234,0.233159601688385
990,ind_test,energy,48.330841064453125,0.07679641246795654
991,ind_test,energy,50.20906066894531,0.0511665940284729
992,ind_test,energy,43.97535705566406,0.11399221420288086
993,ind_test,energy,38.09783935546875,0.2062792181968689
994,ind_test,energy,38.152183532714844,0.17968958616256714
995,ind_test,energy,36.748836517333984,0.6373451352119446
996,ind_test,energy,15.942834854125977,0.9983162879943848
997,ind_test,energy,28.118242263793945,0.9766628742218018
998,ind_test,energy,47.907432556152344,0.08063304424285889
999,ind_test,energy,43.01277542114258,0.17161530256271362
1000,noise_0.05,energy,58.90864181518555,0.08104121685028076
1001,noise_0.05,energy,21.26797103881836,0.9999998807907104
1002,noise_0.05,energy,54.850013732910156,0.1924954652786255
1003,noise_0.05,energy,60.55876922607422,0.05714064836502075
1004,noise_0.05,energy,69.38807678222656,0.06561005115509033
1005,noise_0.05,energy,54.19720458984375,0.16062414646148682
1006,noise_0.05,energy,55.804378509521484,0.06768375635147095
1007,noise_0.05,energy,43.23165512084961,0.5647212862968445
1008,noise_0.05,energy,72.2081298828125,0.0784916877746582
1009,noise_0.05,energy,60.557159423828125,0.05211496353149414
1010,noise_0.05,energy,54.45406723022461,0.3241070508956909
1011,noise_0.05,energy,68.37955474853516,0.06127959489822388
1012,noise_0.05,energy,68.490478515625,0.03493529558181763
1013,noise_0.05,energy,67.5505142211914,0.1645914912223816
1014,noise_0.05,energy,66.708740234375,0.3353163003921509
1015,noise_0.05,energy,53.81782150268555,0.6350308656692505
1016,noise_0.05,energy,73.83573150634766,0.05988585948944092
1017,noise_0.05,energy,63.5117301940918,0.08819764852523804
1018,noise_0.05,energy,69.65704345703125,0.05109000205993652
1019,noise_0.05,energy,60.01622009277344,0.34757888317108154
1020,noise_0.05,energy,62.861690521240234,0.07239514589309692
1021,noise_0.05,energy,73.01180267333984,0.04330509901046753
1022,noise_0.05,energy,53.74087142944336,0.12627851963043213
1023,noise_0.05,energy,53.082305908203125,0.057535648345947266
1024,noise_0.05,energy,64.66234588623047,0.13000518083572388
1025,noise_0.05,energy,62.873016357421875,0.13987809419631958
1026,noise_0.05,energy,74.67369842529297,0.08127760887145996
1027,noise_0.05,energy,57.36530303955078,0.07275092601776123
1028,noise_0.05,energy,50.69342803955078,0.12834692001342773
1029,noise_0.05,energy,37.60465621948242,0.11828833818435669
1030,noise_0.05,energy,58.049808502197266,0.3981865644454956
1031,noise_0.05,energy,-3.73335862159729,0.9999998807907104
1032,noise_0.05,energy,70.55191802978516,0.08406662940979004
1033,noise_0.05,energy,68.98400115966797,0.10945278406143188
1034,noise_0.05,energy,49.55447006225586,0.1617887020111084
1035,noise_0.05,energy,30.535625457763672,0.25945430994033813
1036,noise_0.05,energy,63.951759338378906,0.13956522941589355
1037,noise_0.05,energy,45.90570068359375,0.07314145565032959
1038,noise_0.05,energy,56.539710998535156,0.1314694881439209
1039,noise_0.05,energy,57.65809631347656,0.45068860054016113
1040,noise_0.05,energy,61.79176330566406,0.4034428000450134
1041,noise_0.05,energy,54.18292236328125,0.05661290884017944
1042,noise_0.05,energy,57.83399200439453,0.04708528518676758
1043,noise_0.05,energy,63.17262649536133,0.09365856647491455
1044,noise_0.05,energy,60.949493408203125,0.35388505458831787
1045,noise_0.05,energy,68.62152099609375,0.11127996444702148
1046,noise_0.05,energy,58.34268569946289,0.08879965543746948
1047,noise_0.05,energy,39.193939208984375,0.0840446949005127
1048,noise_0.05,energy,66.22822570800781,0.07885998487472534
1049,noise_0.05,energy,69.40724182128906,0.07463711500167847
1050,noise_0.05,energy,48.18703842163086,0.1715717315673828
1051,noise_0.05,energy,59.209869384765625,0.04865628480911255
1052,noise_0.05,energy,49.83988952636719,0.3141816258430481
1053,noise_0.05,energy,58.16014099121094,0.07662123441696167
1054,noise_0.05,energy,55.2502326965332,0.09955167770385742
1055,noise_0.05,energy,44.97039794921875,0.37602847814559937
1056,noise_0.05,energy,63.16310119628906,0.04900312423706055
1057,noise_0.05,energy,54.81713104248047,0.11396795511245728
1058,noise_0.05,energy,68.07318878173828,0.16871041059494019
1059,noise_0.05,energy,65.0420913696289,0.12789630889892578
1060,noise_0.05,energy,59.131134033203125,0.1087680459022522
1061,noise_0.05,energy,61.72249221801758,0.03823119401931763
1062,noise_0.05,energy,49.16670227050781,0.19695037603378296
1063,noise_0.05,energy,48.64720916748047,0.08207780122756958
1064,noise_0.05,energy,55.52846908569336,0.07874208688735962
1065,noise_0.05,energy,61.17539596557617,0.11485433578491211
1066,noise_0.05,energy,71.28219604492188,0.048388779163360596
1067,noise_0.05,energy,37.10258865356445,0.15002095699310303
1068,noise_0.05,energy,52.77172088623047,0.6357664465904236
1069,noise_0.05,energy,58.29218292236328,0.0523107647895813
1070,noise_0.05,energy,60.502620697021484,0.06811690330505371
1071,noise_0.05,energy,58.35921096801758,0.06201201677322388
1072,noise_0.05,energy,60.75237274169922,0.1032027006149292
1073,noise_0.05,energy,51.28529739379883,0.6279696822166443
1074,noise_0.05,energy,52.10014724731445,0.05790072679519653
1075,noise_0.05,energy,38.5490837097168,0.15097373723983765
1076,noise_0.05,energy,69.52120971679688,0.05179572105407715
1077,noise_0.05,energy,61.86893844604492,0.20493531227111816
1078,noise_0.05,energy,52.483219146728516,0.08420038223266602
1079,noise_0.05,energy,54.454612731933594,0.07150870561599731
1080,noise_0.05,energy,17.372289657592773,0.9999999403953552
1081,noise_0.05,energy,52.55475616455078,0.06963896751403809
1082,noise_0.05,energy,62.830257415771484,0.10373282432556152
1083,noise_0.05,energy,65.78853607177734,0.07542192935943604
1084,noise_0.05,energy,55.52322769165039,0.10183882713317871
1085,noise_0.05,energy,75.85686492919922,0.28552716970443726
1086,noise_0.05,energy,45.71492004394531,0.8736324310302734
1087,noise_0.05,energy,64.48152160644531,0.03439384698867798
1088,noise_0.05,energy,62.83442306518555,0.06831371784210205
1089,noise_0.05,energy,67.17115020751953,0.06863123178482056
1090,noise_0.05,energy,60.856353759765625,0.06294363737106323
1091,noise_0.05,energy,76.19578552246094,0.04305535554885864
1092,noise_0.05,energy,60.3981819152832,0.11063724756240845
1093,noise_0.05,energy,51.65573501586914,0.1191442608833313
1094,noise_0.05,energy,56.37791442871094,0.19845598936080933
1095,noise_0.05,energy,28.211009979248047,0.5132315754890442
1096,noise_0.05,energy,25.42557716369629,0.7406151294708252
1097,noise_0.05,energy,44.869224548339844,0.8600755929946899
1098,noise_0.05,energy,55.46563720703125,0.07007592916488647
1099,noise_0.05,energy,52.288047790527344,0.8138386011123657
1100,noise_0.1,energy,60.92964172363281,0.08634400367736816
1101,noise_0.1,energy,3.805568218231201,1.0
1102,noise_0.1,energy,48.82027816772461,0.21646320819854736
1103,noise_0.1,energy,60.82229232788086,0.055468618869781494
1104,noise_0.1,energy,68.45067596435547,0.07421320676803589
1105,noise_0.1,energy,53.33509826660156,0.21597927808761597
1106,noise_0.1,energy,57.685909271240234,0.0821462869644165
1107,noise_0.1,energy,40.17388153076172,0.6071877479553223
1108,noise_0.1,energy,67.1256103515625,0.0819852352142334
1109,noise_0.1,energy,58.49812698364258,0.057502031326293945
1110,noise_0.1,energy,50.109371185302734,0.28824514150619507
1111,noise_0.1,energy,66.70584106445312,0.06839454174041748
1112,noise_0.1,energy,66.3222427368164,0.0351681113243103
1113,noise_0.1,energy,60.928585052490234,0.3156103491783142
1114,noise_0.1,energy,66.59825134277344,0.36149346828460693
1115,noise_0.1,energy,53.08131408691406,0.6802051663398743
1116,noise_0.1,energy,72.78262329101562,0.06532889604568481
1117,noise_0.1,energy,63.92852783203125,0.0969582200050354
1118,noise_0.1,energy,69.27777099609375,0.05494976043701172
1119,noise_0.1,energy,59.379295349121094,0.31439709663391113
1120,noise_0.1,energy,57.28049850463867,0.10295647382736206
1121,noise_0.1,energy,67.46619415283203,0.13913339376449585
1122,noise_0.1,energy,46.77572250366211,0.21054857969284058
1123,noise_0.1,energy,51.45347213745117,0.061158955097198486
1124,noise_0.1,energy,60.286861419677734,0.14341002702713013
1125,noise_0.1,energy,58.329734802246094,0.15698719024658203
1126,noise_0.1,energy,72.1340560913086,0.17375445365905762
1127,noise_0.1,energy,58.33296203613281,0.18222028017044067
1128,noise_0.1,energy,48.85897445678711,0.1756841540336609
1129,noise_0.1,energy,3.450350522994995,0.9976288676261902
1130,noise_0.1,energy,52.645599365234375,0.39860355854034424
1131,noise_0.1,energy,-2.7267942428588867,1.0
1132,noise_0.1,energy,63.34702682495117,0.09574377536773682
1133,noise_0.1,energy,68.67869567871094,0.12513631582260132
1134,noise_0.1,energy,40.572540283203125,0.4487490653991699
1135,noise_0.1,energy,35.53074645996094,0.11704158782958984
1136,noise_0.1,energy,63.97731018066406,0.16745084524154663
1137,noise_0.1,energy,49.72896957397461,0.07817834615707397
1138,noise_0.1,energy,55.29314041137695,0.14197689294815063
1139,noise_0.1,energy,55.09223937988281,0.6227102279663086
1140,noise_0.1,energy,58.97213363647461,0.3885175585746765
1141,noise_0.1,energy,51.170108795166016,0.056736886501312256
1142,noise_0.1,energy,60.08596420288086,0.04760146141052246
1143,noise_0.1,energy,63.072418212890625,0.10429775714874268
1144,noise_0.1,energy,60.54005432128906,0.1743488907814026
1145,noise_0.1,energy,67.0904312133789,0.24620771408081055
1146,noise_0.1,energy,55.779380798339844,0.1710911989212036
1147,noise_0.1,energy,36.55423355102539,0.5680707693099976
1148,noise_0.1,energy,61.7711067199707,0.06601661443710327
1149,noise_0.1,energy,66.27359008789062,0.19000351428985596
1150,noise_0.1,energy,46.90196990966797,0.18269532918930054
1151,noise_0.1,energy,61.076576232910156,0.05439317226409912
1152,noise_0.1,energy,53.685245513916016,0.3126857280731201
1153,noise_0.1,energy,41.81724166870117,0.13165974617004395
1154,noise_0.1,energy,52.45131301879883,0.15000802278518677
1155,noise_0.1,energy,7.173335552215576,1.0
1156,noise_0.1,energy,62.973175048828125,0.054718196392059326
1157,noise_0.1,energy,58.170318603515625,0.11068481206893921
1158,noise_0.1,energy,68.72423553466797,0.17947906255722046
1159,noise_0.1,energy,63.153560638427734,0.14445513486862183
1160,noise_0.1,energy,55.35542678833008,0.10607564449310303
1161,noise_0.1,energy,58.23617935180664,0.043511033058166504
1162,noise_0.1,energy,47.99870681762695,0.30218052864074707
1163,noise_0.1,energy,41.19703674316406,0.23845535516738892
1164,noise_0.1,energy,54.7884635925293,0.08761084079742432
1165,noise_0.1,energy,61.4813346862793,0.11535292863845825
1166,noise_0.1,energy,69.34135437011719,0.049470484256744385
1167,noise_0.1,energy,-1.737727165222168,0.999995231628418
1168,noise_0.1,energy,38.957828521728516,0.6484473943710327
1169,noise_0.1,energy,57.138641357421875,0.05566513538360596
1170,noise_0.1,energy,61.21866989135742,0.07330459356307983
1171,noise_0.1,energy,58.20903015136719,0.06552672386169434
1172,noise_0.1,energy,59.7563362121582,0.098721444606781
1173,noise_0.1,energy,51.325008392333984,0.6241667866706848
1174,noise_0.1,energy,51.01286315917969,0.2831916809082031
1175,noise_0.1,energy,38.20983123779297,0.1512683629989624
1176,noise_0.1,energy,71.81626892089844,0.052510082721710205
1177,noise_0.1,energy,61.600650787353516,0.2332392930984497
1178,noise_0.1,energy,45.41197967529297,0.09572553634643555
1179,noise_0.1,energy,50.49241256713867,0.15567749738693237
1180,noise_0.1,energy,38.459346771240234,0.9408180117607117
1181,noise_0.1,energy,53.94728469848633,0.13138115406036377
1182,noise_0.1,energy,61.9287223815918,0.10556298494338989
1183,noise_0.1,energy,65.03219604492188,0.0668562650680542
1184,noise_0.1,energy,51.99221420288086,0.11408489942550659
1185,noise_0.1,energy,68.80078887939453,0.28625792264938354
1186,noise_0.1,energy,43.96086502075195,0.8559420704841614
1187,noise_0.1,energy,62.67140197753906,0.04776507616043091
1188,noise_0.1,energy,62.67146301269531,0.05962342023849487
1189,noise_0.1,energy,63.4815559387207,0.12435382604598999
1190,noise_0.1,energy,52.45779800415039,0.07863509654998779
1191,noise_0.1,energy,76.37902069091797,0.044764041900634766
1192,noise_0.1,energy,59.29871368408203,0.11454200744628906
1193,noise_0.1,energy,49.49263381958008,0.19998908042907715
1194,noise_0.1,energy,54.766761779785156,0.2402406930923462
1195,noise_0.1,energy,23.86989402770996,0.7617278099060059
1196,noise_0.1,energy,23.272472381591797,0.8990060091018677
1197,noise_0.1,energy,48.024024963378906,0.8827331066131592
1198,noise_0.1,energy,44.828758239746094,0.09493786096572876
1199,noise_0.1,energy,55.853302001953125,0.8452547192573547
1200,noise_0.15000000000000002,energy,59.31895065307617,0.08840048313140869
1201,noise_0.15000000000000002,energy,-3.1347885131835938,1.0
1202,noise_0.15000000000000002,energy,43.70717239379883,0.2860255837440491
1203,noise_0.15000000000000002,energy,59.6056022644043,0.06040090322494507
1204,noise_0.15000000000000002,energy,60.99244689941406,0.0741121768951416
1205,noise_0.15000000000000002,energy,32.86606216430664,0.6083142161369324
1206,noise_0.15000000000000002,energy,58.0553092956543,0.08665335178375244
1207,noise_0.15000000000000002,energy,-1.2757564783096313,0.9999960064888
1208,noise_0.15000000000000002,energy,61.7878532409668,0.08382374048233032
1209,noise_0.15000000000000002,energy,55.72873306274414,0.06519854068756104
1210,noise_0.15000000000000002,energy,47.713470458984375,0.2915140986442566
1211,noise_0.15000000000000002,energy,62.865394592285156,0.07163065671920776
1212,noise_0.15000000000000002,energy,63.15259552001953,0.03484618663787842
1213,noise_0.15000000000000002,energy,48.072418212890625,0.20518344640731812
1214,noise_0.15000000000000002,energy,66.6106948852539,0.3814207911491394
1215,noise_0.15000000000000002,energy,43.751434326171875,0.687725305557251
1216,noise_0.15000000000000002,energy,69.75564575195312,0.07287895679473877
1217,noise_0.15000000000000002,energy,62.70448303222656,0.10987502336502075
1218,noise_0.15000000000000002,energy,66.87174224853516,0.056700289249420166
1219,noise_0.15000000000000002,energy,57.17481994628906,0.29541337490081787
1220,noise_0.15000000000000002,energy,55.18164825439453,0.11526387929916382
1221,noise_0.15000000000000002,energy,62.42177963256836,0.16608405113220215
1222,noise_0.15000000000000002,energy,24.795948028564453,0.5727619528770447
1223,noise_0.15000000000000002,energy,51.67848205566406,0.07782351970672607
1224,noise_0.15000000000000002,energy,54.95887756347656,0.16481482982635498
1225,noise_0.15000000000000002,energy,47.1969108581543,0.4192391037940979
1226,noise_0.15000000000000002,energy,67.82293701171875,0.22786253690719604
1227,noise_0.15000000000000002,energy,51.501956939697266,0.2539239525794983
1228,noise_0.15000000000000002,energy,41.31678009033203,0.26459693908691406
1229,noise_0.15000000000000002,energy,-6.34428596496582,1.0
1230,noise_0.15000000000000002,energy,51.17744827270508,0.43189185857772827
1231,noise_0.15000000000000002,energy,-1.6074714660644531,1.0
1232,noise_0.15000000000000002,energy,47.398414611816406,0.08809614181518555
1233,noise_0.15000000000000002,energy,65.1544189453125,0.149786114692688
1234,noise_0.15000000000000002,energy,5.92724084854126,0.9997527599334717
1235,noise_0.15000000000000002,energy,38.285491943359375,0.5819322466850281
1236,noise_0.15000000000000002,energy,63.270477294921875,0.18366140127182007
1237,noise_0.15000000000000002,energy,49.296546936035156,0.0962170958518982
1238,noise_0.15000000000000002,energy,53.56974411010742,0.1309548020362854
1239,noise_0.15000000000000002,energy,50.047542572021484,0.5589531660079956
1240,noise_0.15000000000000002,energy,55.65235137939453,0.39401131868362427
1241,noise_0.15000000000000002,energy,42.786033630371094,0.1162596344947815
1242,noise_0.15000000000000002,energy,60.51237487792969,0.04899686574935913
1243,noise_0.15000000000000002,energy,62.126258850097656,0.09700524806976318
1244,noise_0.15000000000000002,energy,59.53081512451172,0.12157249450683594
1245,noise_0.15000000000000002,energy,63.68473434448242,0.4692195653915405
1246,noise_0.15000000000000002,energy,51.970741271972656,0.17914795875549316
1247,noise_0.15000000000000002,energy,35.60926818847656,0.3579775094985962
1248,noise_0.15000000000000002,energy,56.29716491699219,0.11199361085891724
1249,noise_0.15000000000000002,energy,57.78314971923828,0.44369518756866455
1250,noise_0.15000000000000002,energy,41.52213668823242,0.18561041355133057
1251,noise_0.15000000000000002,energy,58.472259521484375,0.0640990138053894
1252,noise_0.15000000000000002,energy,51.14988327026367,0.3141343593597412
1253,noise_0.15000000000000002,energy,7.314846992492676,0.9974511861801147
1254,noise_0.15000000000000002,energy,47.94414138793945,0.10958057641983032
1255,noise_0.15000000000000002,energy,10.933175086975098,1.0
1256,noise_0.15000000000000002,energy,61.883182525634766,0.05907255411148071
1257,noise_0.15000000000000002,energy,56.86609649658203,0.09182840585708618
1258,noise_0.15000000000000002,energy,64.7570571899414,0.16781246662139893
1259,noise_0.15000000000000002,energy,58.93067169189453,0.1661010980606079
1260,noise_0.15000000000000002,energy,49.601078033447266,0.11761540174484253
1261,noise_0.15000000000000002,energy,51.10551452636719,0.05048108100891113
1262,noise_0.15000000000000002,energy,42.57693099975586,0.2506994605064392
1263,noise_0.15000000000000002,energy,37.569908142089844,0.3332631587982178
1264,noise_0.15000000000000002,energy,54.82626724243164,0.13339388370513916
1265,noise_0.15000000000000002,energy,57.554222106933594,0.10780066251754761
1266,noise_0.15000000000000002,energy,66.03204345703125,0.05056720972061157
1267,noise_0.15000000000000002,energy,-5.841638565063477,1.0
1268,noise_0.15000000000000002,energy,-3.1811704635620117,0.9999998211860657
1269,noise_0.15000000000000002,energy,51.470584869384766,0.10148251056671143
1270,noise_0.15000000000000002,energy,59.04230499267578,0.08133041858673096
1271,noise_0.15000000000000002,energy,56.823402404785156,0.06675463914871216
1272,noise_0.15000000000000002,energy,58.80172348022461,0.09579986333847046
1273,noise_0.15000000000000002,energy,49.79584884643555,0.6459447145462036
1274,noise_0.15000000000000002,energy,48.216148376464844,0.2948453426361084
1275,noise_0.15000000000000002,energy,32.66239929199219,0.1897813081741333
1276,noise_0.15000000000000002,energy,68.99169921875,0.05348634719848633
1277,noise_0.15000000000000002,energy,57.812137603759766,0.2438676953315735
1278,noise_0.15000000000000002,energy,25.946252822875977,0.6295050978660583
1279,noise_0.15000000000000002,energy,49.355186462402344,0.3608419895172119
1280,noise_0.15000000000000002,energy,30.660125732421875,0.8996988534927368
1281,noise_0.15000000000000002,energy,51.930789947509766,0.3469223976135254
1282,noise_0.15000000000000002,energy,58.92971420288086,0.14617007970809937
1283,noise_0.15000000000000002,energy,63.59495162963867,0.06865906715393066
1284,noise_0.15000000000000002,energy,44.690757751464844,0.13372337818145752
1285,noise_0.15000000000000002,energy,53.59368133544922,0.4052995443344116
1286,noise_0.15000000000000002,energy,43.62834167480469,0.8568822741508484
1287,noise_0.15000000000000002,energy,54.17668914794922,0.04321002960205078
1288,noise_0.15000000000000002,energy,48.46886444091797,0.08267265558242798
1289,noise_0.15000000000000002,energy,58.49370193481445,0.32220399379730225
1290,noise_0.15000000000000002,energy,31.75919532775879,0.5936211347579956
1291,noise_0.15000000000000002,energy,73.54743194580078,0.0453265905380249
1292,noise_0.15000000000000002,energy,57.0621223449707,0.1152312159538269
1293,noise_0.15000000000000002,energy,29.05546760559082,0.882790207862854
1294,noise_0.15000000000000002,energy,49.54310607910156,0.292389452457428
1295,noise_0.15000000000000002,energy,-2.6659600734710693,1.0
1296,noise_0.15000000000000002,energy,17.5037899017334,1.0
1297,noise_0.15000000000000002,energy,32.239078521728516,0.723824679851532
1298,noise_0.15000000000000002,energy,11.715532302856445,0.9560881853103638
1299,noise_0.15000000000000002,energy,50.95381164550781,0.8189869523048401
1300,noise_0.2,energy,55.9029541015625,0.10240364074707031
1301,noise_0.2,energy,-7.3000946044921875,1.0
1302,noise_0.2,energy,8.107111930847168,0.9915783405303955
1303,noise_0.2,energy,56.619205474853516,0.06985056400299072
1304,noise_0.2,energy,49.857906341552734,0.0717058777809143
1305,noise_0.2,energy,-5.26768684387207,1.0
1306,noise_0.2,energy,46.70003890991211,0.1170760989189148
1307,noise_0.2,energy,-7.738728046417236,1.0
1308,noise_0.2,energy,55.65147399902344,0.08904522657394409
1309,noise_0.2,energy,51.40305709838867,0.14535558223724365
1310,noise_0.2,energy,37.45458221435547,0.5639630556106567
1311,noise_0.2,energy,58.53004837036133,0.10879123210906982
1312,noise_0.2,energy,59.2470588684082,0.034658968448638916
1313,noise_0.2,energy,18.927947998046875,0.7003414630889893
1314,noise_0.2,energy,59.10459518432617,0.3535047769546509
1315,noise_0.2,energy,7.315548896789551,0.9919883012771606
1316,noise_0.2,energy,66.71980285644531,0.07730555534362793
1317,noise_0.2,energy,60.56351089477539,0.11807113885879517
1318,noise_0.2,energy,62.549312591552734,0.05403262376785278
1319,noise_0.2,energy,47.05075454711914,0.1968778371810913
1320,noise_0.2,energy,37.52992630004883,0.2601267099380493
1321,noise_0.2,energy,45.73926544189453,0.4552438259124756
1322,noise_0.2,energy,-7.363110065460205,1.0
1323,noise_0.2,energy,51.85354232788086,0.1227579116821289
1324,noise_0.2,energy,35.052982330322266,0.6117744445800781
1325,noise_0.2,energy,-6.939723968505859,1.0
1326,noise_0.2,energy,50.78313064575195,0.5598626136779785
1327,noise_0.2,energy,-4.81908655166626,0.9999998211860657
1328,noise_0.2,energy,-7.660304546356201,1.0
1329,noise_0.2,energy,-7.292463302612305,1.0
1330,noise_0.2,energy,44.63700485229492,0.5709192752838135
1331,noise_0.2,energy,-3.0969362258911133,1.0
1332,noise_0.2,energy,21.353137969970703,0.42600661516189575
1333,noise_0.2,energy,61.13599395751953,0.16126632690429688
1334,noise_0.2,energy,-6.563728332519531,1.0
1335,noise_0.2,energy,30.81831169128418,0.8486777544021606
1336,noise_0.2,energy,60.13227844238281,0.2070244550704956
1337,noise_0.2,energy,45.480552673339844,0.1350753903388977
1338,noise_0.2,energy,39.988704681396484,0.10062956809997559
1339,noise_0.2,energy,-6.348823547363281,1.0
1340,noise_0.2,energy,50.59488296508789,0.41543543338775635
1341,noise_0.2,energy,-5.682137489318848,1.0
1342,noise_0.2,energy,57.27216720581055,0.0535852313041687
1343,noise_0.2,energy,59.016014099121094,0.08651083707809448
1344,noise_0.2,energy,55.00750732421875,0.49024516344070435
1345,noise_0.2,energy,59.11119079589844,0.39440423250198364
1346,noise_0.2,energy,36.667884826660156,0.6440993547439575
1347,noise_0.2,energy,10.93073558807373,0.9775077104568481
1348,noise_0.2,energy,40.939945220947266,0.2900567650794983
1349,noise_0.2,energy,42.338680267333984,0.7697814106941223
1350,noise_0.2,energy,29.16031265258789,0.2099086046218872
1351,noise_0.2,energy,50.029083251953125,0.08876687288284302
1352,noise_0.2,energy,42.94160842895508,0.28605562448501587
1353,noise_0.2,energy,-6.871794700622559,1.0
1354,noise_0.2,energy,23.489334106445312,0.8892882466316223
1355,noise_0.2,energy,-8.04770278930664,1.0
1356,noise_0.2,energy,59.02901077270508,0.05502885580062866
1357,noise_0.2,energy,54.29873275756836,0.09382104873657227
1358,noise_0.2,energy,52.10377883911133,0.14035379886627197
1359,noise_0.2,energy,50.956275939941406,0.2118220329284668
1360,noise_0.2,energy,31.96689224243164,0.16274243593215942
1361,noise_0.2,energy,4.866710662841797,0.9986212253570557
1362,noise_0.2,energy,14.036226272583008,0.7464386224746704
1363,noise_0.2,energy,-4.328614234924316,0.9999992847442627
1364,noise_0.2,energy,53.04975128173828,0.1347593069076538
1365,noise_0.2,energy,39.523929595947266,0.35927170515060425
1366,noise_0.2,energy,58.873653411865234,0.052812278270721436
1367,noise_0.2,energy,-7.028433322906494,1.0
1368,noise_0.2,energy,-7.561172008514404,1.0
1369,noise_0.2,energy,36.80146789550781,0.3300527334213257
1370,noise_0.2,energy,54.12104034423828,0.09494513273239136
1371,noise_0.2,energy,47.271759033203125,0.08415502309799194
1372,noise_0.2,energy,56.9490966796875,0.09902650117874146
1373,noise_0.2,energy,33.12676239013672,0.7408039569854736
1374,noise_0.2,energy,5.822720527648926,0.9954925775527954
1375,noise_0.2,energy,8.47092056274414,0.909358024597168
1376,noise_0.2,energy,65.6749267578125,0.054950058460235596
1377,noise_0.2,energy,48.321659088134766,0.12272971868515015
1378,noise_0.2,energy,-8.277524948120117,1.0
1379,noise_0.2,energy,48.28888702392578,0.3971365690231323
1380,noise_0.2,energy,-8.088037490844727,1.0
1381,noise_0.2,energy,43.06098556518555,0.5625203847885132
1382,noise_0.2,energy,44.80343246459961,0.294536828994751
1383,noise_0.2,energy,56.511905670166016,0.2022228240966797
1384,noise_0.2,energy,10.096786499023438,0.958430290222168
1385,noise_0.2,energy,29.534587860107422,0.7874289751052856
1386,noise_0.2,energy,32.12195587158203,0.6349388360977173
1387,noise_0.2,energy,2.954786539077759,0.9998070597648621
1388,noise_0.2,energy,-4.1717424392700195,0.9999998211860657
1389,noise_0.2,energy,54.24330520629883,0.5279214978218079
1390,noise_0.2,energy,-14.262674331665039,1.0
1391,noise_0.2,energy,65.9814224243164,0.048422813415527344
1392,noise_0.2,energy,50.69612121582031,0.17810624837875366
1393,noise_0.2,energy,-7.932477951049805,1.0
1394,noise_0.2,energy,38.627925872802734,0.32381296157836914
1395,noise_0.2,energy,-8.306005477905273,1.0
1396,noise_0.2,energy,-9.037764549255371,1.0
1397,noise_0.2,energy,-7.723479747772217,1.0
1398,noise_0.2,energy,-6.943149566650391,1.0
1399,noise_0.2,energy,5.425993919372559,0.9859739542007446
1400,noise_0.25,energy,24.822786331176758,0.4899135231971741
1401,noise_0.25,energy,-12.17586612701416,1.0
1402,noise_0.25,energy,-15.097517967224121,1.0
1403,noise_0.25,energy,-9.151955604553223,1.0
1404,noise_0.25,energy,-10.164142608642578,1.0
1405,noise_0.25,energy,-8.845124244689941,1.0
1406,noise_0.25,energy,-7.447243690490723,1.0
1407,noise_0.25,energy,-13.99699592590332,1.0
1408,noise_0.25,energy,34.28843307495117,0.14624202251434326
1409,noise_0.25,energy,35.556541442871094,0.6053579449653625
1410,noise_0.25,energy,-11.37789249420166,1.0
1411,noise_0.25,energy,3.668064594268799,0.9990857839584351
1412,noise_0.25,energy,8.061877250671387,0.9927788972854614
1413,noise_0.25,energy,-12.439831733703613,1.0
1414,noise_0.25,energy,-5.960743427276611,1.0
1415,noise_0.25,energy,-16.836191177368164,1.0
1416,noise_0.25,energy,19.9764347076416,0.392195463180542
1417,noise_0.25,energy,44.720699310302734,0.0936078429222107
1418,noise_0.25,energy,-8.312771797180176,1.0
1419,noise_0.25,energy,-10.375909805297852,1.0
1420,noise_0.25,energy,-9.22284984588623,1.0
1421,noise_0.25,energy,-13.95177173614502,1.0
1422,noise_0.25,energy,-9.928449630737305,1.0
1423,noise_0.25,energy,41.87071990966797,0.17188096046447754
1424,noise_0.25,energy,-12.726542472839355,1.0
1425,noise_0.25,energy,-8.96619987487793,1.0
1426,noise_0.25,energy,-10.12362289428711,1.0
1427,noise_0.25,energy,-8.507007598876953,1.0
1428,noise_0.25,energy,-14.031156539916992,1.0
1429,noise_0.25,energy,-12.116080284118652,1.0
1430,noise_0.25,energy,-8.46021842956543,1.0
1431,noise_0.25,energy,-14.697478294372559,1.0
1432,noise_0.25,energy,-17.72005844116211,1.0
1433,noise_0.25,energy,39.40070343017578,0.16588187217712402
1434,noise_0.25,energy,-7.168430328369141,1.0
1435,noise_0.25,energy,-11.56350326538086,1.0
1436,noise_0.25,energy,-10.159727096557617,1.0
1437,noise_0.25,energy,-3.596442699432373,0.9999992847442627
1438,noise_0.25,energy,-10.168795585632324,1.0
1439,noise_0.25,energy,-9.060672760009766,1.0
1440,noise_0.25,energy,-13.734024047851562,1.0
1441,noise_0.25,energy,-11.742940902709961,1.0
1442,noise_0.25,energy,-7.451700210571289,1.0
1443,noise_0.25,energy,38.27629852294922,0.5903713703155518
1444,noise_0.25,energy,43.42781066894531,0.6529824733734131
1445,noise_0.25,energy,50.68701934814453,0.1297314167022705
1446,noise_0.25,energy,-15.456055641174316,1.0
1447,noise_0.25,energy,-10.577325820922852,1.0
1448,noise_0.25,energy,-13.643256187438965,1.0
1449,noise_0.25,energy,-10.300037384033203,1.0
1450,noise_0.25,energy,-17.42473793029785,1.0
1451,noise_0.25,energy,-9.920040130615234,1.0
1452,noise_0.25,energy,-9.299034118652344,1.0
1453,noise_0.25,energy,-9.226282119750977,1.0
1454,noise_0.25,energy,-11.220839500427246,1.0
1455,noise_0.25,energy,-12.026087760925293,1.0
1456,noise_0.25,energy,20.19334602355957,0.8742950558662415
1457,noise_0.25,energy,40.5610466003418,0.10546571016311646
1458,noise_0.25,energy,-10.825130462646484,1.0
1459,noise_0.25,energy,-17.39564323425293,1.0
1460,noise_0.25,energy,-8.713146209716797,1.0
1461,noise_0.25,energy,-9.103477478027344,1.0
1462,noise_0.25,energy,-13.684661865234375,1.0
1463,noise_0.25,energy,-8.259439468383789,1.0
1464,noise_0.25,energy,-11.275261878967285,1.0
1465,noise_0.25,energy,-8.881447792053223,1.0
1466,noise_0.25,energy,-11.767539978027344,1.0
1467,noise_0.25,energy,-9.488627433776855,1.0
1468,noise_0.25,energy,-9.595686912536621,1.0
1469,noise_0.25,energy,-8.797197341918945,1.0
1470,noise_0.25,energy,39.977272033691406,0.16275376081466675
1471,noise_0.25,energy,-7.161005020141602,1.0
1472,noise_0.25,energy,46.42926025390625,0.11595296859741211
1473,noise_0.25,energy,-8.926007270812988,1.0
1474,noise_0.25,energy,-8.625761032104492,1.0
1475,noise_0.25,energy,-12.085482597351074,1.0
1476,noise_0.25,energy,53.35003662109375,0.181871235370636
1477,noise_0.25,energy,-10.030817031860352,1.0
1478,noise_0.25,energy,-14.10600471496582,1.0
1479,noise_0.25,energy,41.03456115722656,0.43293285369873047
1480,noise_0.25,energy,-12.148040771484375,1.0
1481,noise_0.25,energy,-7.217658042907715,1.0
1482,noise_0.25,energy,-9.3294038772583,1.0
1483,noise_0.25,energy,-7.9524827003479,1.0
1484,noise_0.25,energy,-16.309356689453125,1.0
1485,noise_0.25,energy,-13.262568473815918,1.0
1486,noise_0.25,energy,-4.839931011199951,0.9999985098838806
1487,noise_0.25,energy,-9.722150802612305,1.0
1488,noise_0.25,energy,-8.806434631347656,1.0
1489,noise_0.25,energy,42.76567459106445,0.6886528730392456
1490,noise_0.25,energy,-16.553401947021484,1.0
1491,noise_0.25,energy,46.54433059692383,0.08499819040298462
1492,noise_0.25,energy,-2.8495161533355713,0.999998152256012
1493,noise_0.25,energy,-14.668999671936035,1.0
1494,noise_0.25,energy,-12.353647232055664,1.0
1495,noise_0.25,energy,-12.127633094787598,1.0
1496,noise_0.25,energy,-10.54725456237793,1.0
1497,noise_0.25,energy,-9.51850700378418,1.0
1498,noise_0.25,energy,-8.427689552307129,1.0
1499,noise_0.25,energy,-10.586973190307617,1.0
