,fold,feature_name,feature,loss,acc,idx,class
0,train,cross_entropy,0.9448233246803284,0.05361592769622803,0.946384072303772,91.0,
1,train,cross_entropy,0.9448233246803284,0.09168124198913574,0.9083187580108643,222.0,
2,train,cross_entropy,0.9448233246803284,0.1151883602142334,0.8848116397857666,439.0,
3,train,cross_entropy,0.9448233246803284,0.06554543972015381,0.9344545602798462,196.0,
4,train,cross_entropy,0.9448233246803284,0.05686986446380615,0.9431301355361938,243.0,
5,train,cross_entropy,0.9448233246803284,0.054279446601867676,0.9457205533981323,339.0,
6,train,cross_entropy,0.9448233246803284,0.08018195629119873,0.9198180437088013,624.0,
7,train,cross_entropy,0.9448233246803284,0.13467168807983398,0.865328311920166,671.0,
8,train,cross_entropy,0.8670639991760254,0.397188663482666,0.602811336517334,794.0,
9,train,cross_entropy,0.8670639991760254,0.14057332277297974,0.8594266772270203,82.0,
10,train,cross_entropy,0.8670639991760254,0.10721153020858765,0.8927884697914124,226.0,
11,train,cross_entropy,0.8670639991760254,0.08905065059661865,0.9109493494033813,230.0,
12,train,cross_entropy,0.8670639991760254,0.08684992790222168,0.9131500720977783,264.0,
13,train,cross_entropy,0.8670639991760254,0.06252127885818481,0.9374787211418152,305.0,
14,train,cross_entropy,0.8670639991760254,0.2564176917076111,0.7435823082923889,313.0,
15,train,cross_entropy,0.8670639991760254,0.19738894701004028,0.8026110529899597,443.0,
16,train,cross_entropy,0.8154997825622559,0.10676240921020508,0.8932375907897949,693.0,
17,train,cross_entropy,0.8154997825622559,0.0809715986251831,0.9190284013748169,38.0,
18,train,cross_entropy,0.8154997825622559,0.06088775396347046,0.9391122460365295,180.0,
19,train,cross_entropy,0.8154997825622559,0.029022157192230225,0.9709778428077698,272.0,
20,train,cross_entropy,0.8154997825622559,0.0837211012840271,0.9162788987159729,578.0,
21,train,cross_entropy,0.8154997825622559,0.10018151998519897,0.899818480014801,614.0,
22,train,cross_entropy,0.8154997825622559,0.1555500030517578,0.8444499969482422,626.0,
23,train,cross_entropy,0.8154997825622559,0.045282721519470215,0.9547172784805298,738.0,
24,train,cross_entropy,0.7521101236343384,0.08233129978179932,0.9176687002182007,90.0,
25,train,cross_entropy,0.7521101236343384,0.05167490243911743,0.9483250975608826,200.0,
26,train,cross_entropy,0.7521101236343384,0.23814243078231812,0.7618575692176819,516.0,
27,train,cross_entropy,0.7521101236343384,0.04202282428741455,0.9579771757125854,104.0,
28,train,cross_entropy,0.7521101236343384,0.24827754497528076,0.7517224550247192,129.0,
29,train,cross_entropy,0.7521101236343384,0.10095983743667603,0.899040162563324,144.0,
30,train,cross_entropy,0.7521101236343384,0.4250108003616333,0.5749891996383667,435.0,
31,train,cross_entropy,0.7521101236343384,0.06894278526306152,0.9310572147369385,483.0,
32,train,cross_entropy,0.8945410251617432,0.06412124633789062,0.9358787536621094,505.0,
33,train,cross_entropy,0.8945410251617432,0.026661694049835205,0.9733383059501648,512.0,
34,train,cross_entropy,0.8945410251617432,0.14289289712905884,0.8571071028709412,575.0,
35,train,cross_entropy,0.8945410251617432,0.05986928939819336,0.9401307106018066,635.0,
36,train,cross_entropy,0.8945410251617432,0.09254008531570435,0.9074599146842957,700.0,
37,train,cross_entropy,0.8945410251617432,0.42423808574676514,0.5757619142532349,755.0,
38,train,cross_entropy,0.8945410251617432,0.11325430870056152,0.8867456912994385,63.0,
39,train,cross_entropy,0.8945410251617432,0.05853623151779175,0.9414637684822083,123.0,
40,train,cross_entropy,0.9152837991714478,0.4684956669807434,0.5315043330192566,405.0,
41,train,cross_entropy,0.9152837991714478,0.09866225719451904,0.901337742805481,459.0,
42,train,cross_entropy,0.9152837991714478,0.08519726991653442,0.9148027300834656,640.0,
43,train,cross_entropy,0.9152837991714478,0.22288918495178223,0.7771108150482178,758.0,
44,train,cross_entropy,0.9152837991714478,0.10893136262893677,0.8910686373710632,777.0,
45,train,cross_entropy,0.9152837991714478,0.13094443082809448,0.8690555691719055,789.0,
46,train,cross_entropy,0.9152837991714478,0.05428445339202881,0.9457155466079712,131.0,
47,train,cross_entropy,0.9152837991714478,0.07364648580551147,0.9263535141944885,163.0,
48,train,cross_entropy,0.804854154586792,0.06330132484436035,0.9366986751556396,179.0,
49,train,cross_entropy,0.804854154586792,0.5004101991653442,0.49958980083465576,240.0,
50,train,cross_entropy,0.804854154586792,0.08818334341049194,0.9118166565895081,246.0,
51,train,cross_entropy,0.804854154586792,0.07941967248916626,0.9205803275108337,271.0,
52,train,cross_entropy,0.804854154586792,0.07843214273452759,0.9215678572654724,391.0,
53,train,cross_entropy,0.804854154586792,0.17244768142700195,0.827552318572998,447.0,
54,train,cross_entropy,0.804854154586792,0.11890065670013428,0.8810993432998657,452.0,
55,train,cross_entropy,0.804854154586792,0.06786274909973145,0.9321372509002686,498.0,
56,train,cross_entropy,0.8848628997802734,0.12726306915283203,0.872736930847168,525.0,
57,train,cross_entropy,0.8848628997802734,0.08282709121704102,0.917172908782959,694.0,
58,train,cross_entropy,0.8848628997802734,0.052593886852264404,0.9474061131477356,252.0,
59,train,cross_entropy,0.8848628997802734,0.0886300802230835,0.9113699197769165,273.0,
60,train,cross_entropy,0.8848628997802734,0.08304083347320557,0.9169591665267944,276.0,
61,train,cross_entropy,0.8848628997802734,0.09682214260101318,0.9031778573989868,333.0,
62,train,cross_entropy,0.8848628997802734,0.04104894399642944,0.9589510560035706,360.0,
63,train,cross_entropy,0.8848628997802734,0.13308119773864746,0.8669188022613525,421.0,
64,train,cross_entropy,0.8982845544815063,0.07675379514694214,0.9232462048530579,705.0,
65,train,cross_entropy,0.8982845544815063,0.06467312574386597,0.935326874256134,770.0,
66,train,cross_entropy,0.8982845544815063,0.0548478364944458,0.9451521635055542,239.0,
67,train,cross_entropy,0.8982845544815063,0.12921428680419922,0.8707857131958008,312.0,
68,train,cross_entropy,0.8982845544815063,0.0630035400390625,0.9369964599609375,352.0,
69,train,cross_entropy,0.8982845544815063,0.16331559419631958,0.8366844058036804,369.0,
70,train,cross_entropy,0.8982845544815063,0.04301697015762329,0.9569830298423767,458.0,
71,train,cross_entropy,0.8982845544815063,0.2763484716415405,0.7236515283584595,574.0,
72,train,cross_entropy,0.866848349571228,0.06450897455215454,0.9354910254478455,577.0,
73,train,cross_entropy,0.866848349571228,0.03623628616333008,0.9637637138366699,632.0,
74,train,cross_entropy,0.866848349571228,0.08460867404937744,0.9153913259506226,17.0,
75,train,cross_entropy,0.866848349571228,0.12901991605758667,0.8709800839424133,32.0,
76,train,cross_entropy,0.866848349571228,0.19679516553878784,0.8032048344612122,187.0,
77,train,cross_entropy,0.866848349571228,0.38947218656539917,0.6105278134346008,198.0,
78,train,cross_entropy,0.866848349571228,0.064766526222229,0.935233473777771,297.0,
79,train,cross_entropy,0.866848349571228,0.22704046964645386,0.7729595303535461,579.0,
80,train,cross_entropy,0.9378870725631714,0.044439494609832764,0.9555605053901672,584.0,
81,train,cross_entropy,0.9378870725631714,0.03595924377441406,0.9640407562255859,760.0,
82,train,cross_entropy,0.9378870725631714,0.05031305551528931,0.9496869444847107,127.0,
83,train,cross_entropy,0.9378870725631714,0.0716133713722229,0.9283866286277771,203.0,
84,train,cross_entropy,0.9378870725631714,0.06486624479293823,0.9351337552070618,343.0,
85,train,cross_entropy,0.9378870725631714,0.09702455997467041,0.9029754400253296,524.0,
86,train,cross_entropy,0.9378870725631714,0.08690249919891357,0.9130975008010864,657.0,
87,train,cross_entropy,0.9378870725631714,0.1474819779396057,0.8525180220603943,670.0,
88,train,cross_entropy,0.7403860092163086,0.024833261966705322,0.9751667380332947,499.0,
89,train,cross_entropy,0.7403860092163086,0.10379737615585327,0.8962026238441467,666.0,
90,train,cross_entropy,0.7403860092163086,0.04725039005279541,0.9527496099472046,775.0,
91,train,cross_entropy,0.7403860092163086,0.08226114511489868,0.9177388548851013,26.0,
92,train,cross_entropy,0.7403860092163086,0.0814620852470398,0.9185379147529602,471.0,
93,train,cross_entropy,0.7403860092163086,0.10010910034179688,0.8998908996582031,595.0,
94,train,cross_entropy,0.7403860092163086,0.0889596939086914,0.9110403060913086,691.0,
95,train,cross_entropy,0.7403860092163086,0.11645901203155518,0.8835409879684448,49.0,
96,train,cross_entropy,0.7577598094940186,0.08136636018753052,0.9186336398124695,53.0,
97,train,cross_entropy,0.7577598094940186,0.22519832849502563,0.7748016715049744,81.0,
98,train,cross_entropy,0.7577598094940186,0.08265984058380127,0.9173401594161987,172.0,
99,train,cross_entropy,0.7577598094940186,0.16172301769256592,0.8382769823074341,357.0,
100,train,cross_entropy,0.7577598094940186,0.1130380630493164,0.8869619369506836,372.0,
101,train,cross_entropy,0.7577598094940186,0.9919863939285278,0.008013606071472168,395.0,
102,train,cross_entropy,0.7577598094940186,0.1100960373878479,0.8899039626121521,434.0,
103,train,cross_entropy,0.7577598094940186,0.12732446193695068,0.8726755380630493,548.0,
104,train,cross_entropy,0.839184045791626,0.14793825149536133,0.8520617485046387,549.0,
105,train,cross_entropy,0.839184045791626,0.1744874119758606,0.8255125880241394,643.0,
106,train,cross_entropy,0.839184045791626,0.14013415575027466,0.8598658442497253,647.0,
107,train,cross_entropy,0.839184045791626,0.18681788444519043,0.8131821155548096,650.0,
108,train,cross_entropy,0.839184045791626,0.09265172481536865,0.9073482751846313,5.0,
109,train,cross_entropy,0.839184045791626,0.047475337982177734,0.9525246620178223,20.0,
110,train,cross_entropy,0.839184045791626,0.08129942417144775,0.9187005758285522,51.0,
111,train,cross_entropy,0.839184045791626,0.09978348016738892,0.9002165198326111,124.0,
112,train,cross_entropy,0.8998647928237915,0.053061485290527344,0.9469385147094727,183.0,
113,train,cross_entropy,0.8998647928237915,0.10589522123336792,0.8941047787666321,220.0,
114,train,cross_entropy,0.8998647928237915,0.06378823518753052,0.9362117648124695,255.0,
115,train,cross_entropy,0.8998647928237915,0.039777159690856934,0.9602228403091431,309.0,
116,train,cross_entropy,0.8998647928237915,0.22494328022003174,0.7750567197799683,331.0,
117,train,cross_entropy,0.8998647928237915,0.06925946474075317,0.9307405352592468,377.0,
118,train,cross_entropy,0.8998647928237915,0.04913985729217529,0.9508601427078247,384.0,
119,train,cross_entropy,0.8998647928237915,0.06554538011550903,0.934454619884491,744.0,
120,train,cross_entropy,0.8789314031600952,0.06613445281982422,0.9338655471801758,1.0,
121,train,cross_entropy,0.8789314031600952,0.07842665910720825,0.9215733408927917,14.0,
122,train,cross_entropy,0.8789314031600952,0.03342717885971069,0.9665728211402893,148.0,
123,train,cross_entropy,0.8789314031600952,0.0963510274887085,0.9036489725112915,247.0,
124,train,cross_entropy,0.8789314031600952,0.18824142217636108,0.8117585778236389,362.0,
125,train,cross_entropy,0.8789314031600952,0.08736962080001831,0.9126303791999817,375.0,
126,train,cross_entropy,0.8789314031600952,0.07902389764785767,0.9209761023521423,389.0,
127,train,cross_entropy,0.8789314031600952,0.06883567571640015,0.9311643242835999,401.0,
128,train,cross_entropy,0.8129100203514099,0.07492178678512573,0.9250782132148743,469.0,
129,train,cross_entropy,0.8129100203514099,0.35947364568710327,0.6405263543128967,473.0,
130,train,cross_entropy,0.8129100203514099,0.06254857778549194,0.9374514222145081,485.0,
131,train,cross_entropy,0.8129100203514099,0.06260812282562256,0.9373918771743774,496.0,
132,train,cross_entropy,0.8129100203514099,0.10712307691574097,0.892876923084259,500.0,
133,train,cross_entropy,0.8129100203514099,0.05808502435684204,0.941914975643158,539.0,
134,train,cross_entropy,0.8129100203514099,0.06921738386154175,0.9307826161384583,634.0,
135,train,cross_entropy,0.8129100203514099,0.08024317026138306,0.9197568297386169,639.0,
136,train,cross_entropy,0.8390263319015503,0.12477284669876099,0.875227153301239,651.0,
137,train,cross_entropy,0.8390263319015503,0.09140151739120483,0.9085984826087952,745.0,
138,train,cross_entropy,0.8390263319015503,0.08431613445281982,0.9156838655471802,24.0,
139,train,cross_entropy,0.8390263319015503,0.1963861584663391,0.8036138415336609,52.0,
140,train,cross_entropy,0.8390263319015503,0.16321063041687012,0.8367893695831299,64.0,
141,train,cross_entropy,0.8390263319015503,0.10800415277481079,0.8919958472251892,79.0,
142,train,cross_entropy,0.8390263319015503,0.07969474792480469,0.9203052520751953,109.0,
143,train,cross_entropy,0.8390263319015503,0.030072450637817383,0.9699275493621826,154.0,
144,train,cross_entropy,0.8481546640396118,0.08418494462966919,0.9158150553703308,177.0,
145,train,cross_entropy,0.8481546640396118,0.07867485284805298,0.921325147151947,286.0,
146,train,cross_entropy,0.8481546640396118,0.49491941928863525,0.5050805807113647,307.0,
147,train,cross_entropy,0.8481546640396118,0.09506690502166748,0.9049330949783325,327.0,
148,train,cross_entropy,0.8481546640396118,0.17070728540420532,0.8292927145957947,351.0,
149,train,cross_entropy,0.8481546640396118,0.10654360055923462,0.8934563994407654,385.0,
150,train,cross_entropy,0.8481546640396118,0.16860908269882202,0.831390917301178,533.0,
151,train,cross_entropy,0.8481546640396118,0.0798342227935791,0.9201657772064209,586.0,
152,train,cross_entropy,0.6371824741363525,0.0793866515159607,0.9206133484840393,590.0,
153,train,cross_entropy,0.6371824741363525,0.07266062498092651,0.9273393750190735,679.0,
154,train,cross_entropy,0.6371824741363525,0.12731987237930298,0.872680127620697,698.0,
155,train,cross_entropy,0.6371824741363525,0.07508975267410278,0.9249102473258972,727.0,
156,train,cross_entropy,0.6371824741363525,0.044745445251464844,0.9552545547485352,747.0,
157,train,cross_entropy,0.6371824741363525,0.08629000186920166,0.9137099981307983,790.0,
158,train,cross_entropy,0.6371824741363525,0.15780872106552124,0.8421912789344788,166.0,
159,train,cross_entropy,0.6371824741363525,0.11529582738876343,0.8847041726112366,171.0,
160,train,cross_entropy,0.7743502855300903,0.3426298499107361,0.6573701500892639,227.0,
161,train,cross_entropy,0.7743502855300903,0.06233024597167969,0.9376697540283203,560.0,
162,train,cross_entropy,0.7743502855300903,0.13608360290527344,0.8639163970947266,588.0,
163,train,cross_entropy,0.7743502855300903,0.05354398488998413,0.9464560151100159,598.0,
164,train,cross_entropy,0.7743502855300903,0.05090343952178955,0.9490965604782104,723.0,
165,train,cross_entropy,0.7743502855300903,0.12033635377883911,0.8796636462211609,766.0,
166,train,cross_entropy,0.7743502855300903,0.1237151026725769,0.8762848973274231,785.0,
167,train,cross_entropy,0.7743502855300903,0.06650757789611816,0.9334924221038818,793.0,
168,train,cross_entropy,0.8610262870788574,0.041910767555236816,0.9580892324447632,25.0,
169,train,cross_entropy,0.8610262870788574,0.19354337453842163,0.8064566254615784,69.0,
170,train,cross_entropy,0.8610262870788574,0.07190823554992676,0.9280917644500732,78.0,
171,train,cross_entropy,0.8610262870788574,0.2730097770690918,0.7269902229309082,95.0,
172,train,cross_entropy,0.8610262870788574,0.1240386962890625,0.8759613037109375,106.0,
173,train,cross_entropy,0.8610262870788574,0.04961889982223511,0.9503811001777649,117.0,
174,train,cross_entropy,0.8610262870788574,0.025781095027923584,0.9742189049720764,135.0,
175,train,cross_entropy,0.8610262870788574,0.10888499021530151,0.8911150097846985,223.0,
176,train,cross_entropy,0.8269485235214233,0.09361320734024048,0.9063867926597595,233.0,
177,train,cross_entropy,0.8269485235214233,0.1659500002861023,0.8340499997138977,291.0,
178,train,cross_entropy,0.8269485235214233,0.07975584268569946,0.9202441573143005,358.0,
179,train,cross_entropy,0.8269485235214233,0.11346405744552612,0.8865359425544739,361.0,
180,train,cross_entropy,0.8269485235214233,0.20226633548736572,0.7977336645126343,425.0,
181,train,cross_entropy,0.8269485235214233,0.22256559133529663,0.7774344086647034,457.0,
182,train,cross_entropy,0.8269485235214233,0.14895129203796387,0.8510487079620361,603.0,
183,train,cross_entropy,0.8269485235214233,0.14927011728286743,0.8507298827171326,314.0,
184,train,cross_entropy,0.8410602807998657,0.042093873023986816,0.9579061269760132,422.0,
185,train,cross_entropy,0.8410602807998657,0.04064911603927612,0.9593508839607239,451.0,
186,train,cross_entropy,0.8410602807998657,0.08517497777938843,0.9148250222206116,486.0,
187,train,cross_entropy,0.8410602807998657,0.039617955684661865,0.9603820443153381,489.0,
188,train,cross_entropy,0.8410602807998657,0.03246879577636719,0.9675312042236328,507.0,
189,train,cross_entropy,0.8410602807998657,0.04168778657913208,0.9583122134208679,600.0,
190,train,cross_entropy,0.8410602807998657,0.023601830005645752,0.9763981699943542,627.0,
191,train,cross_entropy,0.8410602807998657,0.05588197708129883,0.9441180229187012,641.0,
192,train,cross_entropy,0.8297697305679321,0.10240203142166138,0.8975979685783386,100.0,
193,train,cross_entropy,0.8297697305679321,0.09748226404190063,0.9025177359580994,141.0,
194,train,cross_entropy,0.8297697305679321,0.07542693614959717,0.9245730638504028,342.0,
195,train,cross_entropy,0.8297697305679321,0.09729164838790894,0.9027083516120911,455.0,
196,train,cross_entropy,0.8297697305679321,0.4042736887931824,0.5957263112068176,98.0,
197,train,cross_entropy,0.8297697305679321,0.057122766971588135,0.9428772330284119,288.0,
198,train,cross_entropy,0.8297697305679321,0.118918776512146,0.881081223487854,304.0,
199,train,cross_entropy,0.8297697305679321,0.04412490129470825,0.9558750987052917,321.0,
200,train,cross_entropy,0.8977117538452148,0.067493736743927,0.932506263256073,390.0,
201,train,cross_entropy,0.8977117538452148,0.1403927206993103,0.8596072793006897,482.0,
202,train,cross_entropy,0.8977117538452148,0.10438871383666992,0.8956112861633301,522.0,
203,train,cross_entropy,0.8977117538452148,0.06847184896469116,0.9315281510353088,550.0,
204,train,cross_entropy,0.8977117538452148,0.1396869421005249,0.8603130578994751,592.0,
205,train,cross_entropy,0.8977117538452148,0.1361129879951477,0.8638870120048523,615.0,
206,train,cross_entropy,0.8977117538452148,0.07162600755691528,0.9283739924430847,674.0,
207,train,cross_entropy,0.8977117538452148,0.06292909383773804,0.937070906162262,35.0,
208,train,cross_entropy,0.8811540603637695,0.2051527500152588,0.7948472499847412,70.0,
209,train,cross_entropy,0.8811540603637695,0.11122244596481323,0.8887775540351868,76.0,
210,train,cross_entropy,0.8811540603637695,0.04230993986129761,0.9576900601387024,139.0,
211,train,cross_entropy,0.8811540603637695,0.08348262310028076,0.9165173768997192,236.0,
212,train,cross_entropy,0.8811540603637695,0.13381659984588623,0.8661834001541138,468.0,
213,train,cross_entropy,0.8811540603637695,0.15127623081207275,0.8487237691879272,644.0,
214,train,cross_entropy,0.8811540603637695,0.05807971954345703,0.941920280456543,724.0,
215,train,cross_entropy,0.8811540603637695,0.18931883573532104,0.810681164264679,118.0,
216,train,cross_entropy,0.8517932891845703,0.1176266074180603,0.8823733925819397,153.0,
217,train,cross_entropy,0.8517932891845703,0.09541589021682739,0.9045841097831726,274.0,
218,train,cross_entropy,0.8517932891845703,0.09753131866455078,0.9024686813354492,363.0,
219,train,cross_entropy,0.8517932891845703,0.0767362117767334,0.9232637882232666,380.0,
220,train,cross_entropy,0.8517932891845703,0.04668879508972168,0.9533112049102783,562.0,
221,train,cross_entropy,0.8517932891845703,0.4127998352050781,0.5872001647949219,763.0,
222,train,cross_entropy,0.8517932891845703,0.0941309928894043,0.9058690071105957,125.0,
223,train,cross_entropy,0.8517932891845703,0.08533483743667603,0.914665162563324,267.0,
224,train,cross_entropy,0.8922631740570068,0.051083266735076904,0.9489167332649231,280.0,
225,train,cross_entropy,0.8922631740570068,0.09762334823608398,0.902376651763916,319.0,
226,train,cross_entropy,0.8922631740570068,0.08666229248046875,0.9133377075195312,338.0,
227,train,cross_entropy,0.8922631740570068,0.044179677963256836,0.9558203220367432,432.0,
228,train,cross_entropy,0.8922631740570068,0.11233651638031006,0.8876634836196899,576.0,
229,train,cross_entropy,0.8922631740570068,0.08910167217254639,0.9108983278274536,594.0,
230,train,cross_entropy,0.8922631740570068,0.0750507116317749,0.9249492883682251,609.0,
231,train,cross_entropy,0.8922631740570068,0.09392118453979492,0.9060788154602051,677.0,
232,train,cross_entropy,0.8640193939208984,0.06665343046188354,0.9333465695381165,692.0,
233,train,cross_entropy,0.8640193939208984,0.14278864860534668,0.8572113513946533,178.0,
234,train,cross_entropy,0.8640193939208984,0.029489099979400635,0.9705109000205994,217.0,
235,train,cross_entropy,0.8640193939208984,0.07940447330474854,0.9205955266952515,320.0,
236,train,cross_entropy,0.8640193939208984,0.048997461795806885,0.9510025382041931,374.0,
237,train,cross_entropy,0.8640193939208984,0.05649369955062866,0.9435063004493713,411.0,
238,train,cross_entropy,0.8640193939208984,0.08989936113357544,0.9101006388664246,540.0,
239,train,cross_entropy,0.8640193939208984,0.05401092767715454,0.9459890723228455,672.0,
240,train,cross_entropy,0.9448546171188354,0.046525001525878906,0.9534749984741211,728.0,
241,train,cross_entropy,0.9448546171188354,0.04574131965637207,0.9542586803436279,235.0,
242,train,cross_entropy,0.9448546171188354,0.04183828830718994,0.9581617116928101,248.0,
243,train,cross_entropy,0.9448546171188354,0.06764417886734009,0.9323558211326599,285.0,
244,train,cross_entropy,0.9448546171188354,0.08830219507217407,0.9116978049278259,426.0,
245,train,cross_entropy,0.9448546171188354,0.07676416635513306,0.9232358336448669,430.0,
246,train,cross_entropy,0.9448546171188354,0.18278688192367554,0.8172131180763245,663.0,
247,train,cross_entropy,0.9448546171188354,0.10059630870819092,0.8994036912918091,664.0,
248,train,cross_entropy,0.8825407028198242,0.06408089399337769,0.9359191060066223,665.0,
249,train,cross_entropy,0.8825407028198242,0.1413021683692932,0.8586978316307068,48.0,
250,train,cross_entropy,0.8825407028198242,0.1069866418838501,0.8930133581161499,50.0,
251,train,cross_entropy,0.8825407028198242,0.12470811605453491,0.8752918839454651,58.0,
252,train,cross_entropy,0.8825407028198242,0.06609708070755005,0.93390291929245,150.0,
253,train,cross_entropy,0.8825407028198242,0.08351743221282959,0.9164825677871704,162.0,
254,train,cross_entropy,0.8825407028198242,0.1657199263572693,0.8342800736427307,279.0,
255,train,cross_entropy,0.8825407028198242,0.083545982837677,0.916454017162323,340.0,
256,train,cross_entropy,0.9069125652313232,0.4589862823486328,0.5410137176513672,387.0,
257,train,cross_entropy,0.9069125652313232,0.08514100313186646,0.9148589968681335,404.0,
258,train,cross_entropy,0.9069125652313232,0.09367513656616211,0.9063248634338379,566.0,
259,train,cross_entropy,0.9069125652313232,0.09632301330566406,0.9036769866943359,721.0,
260,train,cross_entropy,0.9069125652313232,0.4907035827636719,0.5092964172363281,796.0,
261,train,cross_entropy,0.9069125652313232,0.04444855451583862,0.9555514454841614,85.0,
262,train,cross_entropy,0.9069125652313232,0.04050356149673462,0.9594964385032654,181.0,
263,train,cross_entropy,0.9069125652313232,0.2712535858154297,0.7287464141845703,193.0,
264,train,cross_entropy,0.87128746509552,0.05624872446060181,0.9437512755393982,318.0,
265,train,cross_entropy,0.87128746509552,0.05742150545120239,0.9425784945487976,431.0,
266,train,cross_entropy,0.87128746509552,0.07611465454101562,0.9238853454589844,493.0,
267,train,cross_entropy,0.87128746509552,0.05932891368865967,0.9406710863113403,519.0,
268,train,cross_entropy,0.87128746509552,0.08555853366851807,0.9144414663314819,585.0,
269,train,cross_entropy,0.87128746509552,0.45683515071868896,0.543164849281311,636.0,
270,train,cross_entropy,0.87128746509552,0.03380537033081055,0.9661946296691895,730.0,
271,train,cross_entropy,0.87128746509552,0.09484237432479858,0.9051576256752014,735.0,
272,train,cross_entropy,0.8181335926055908,0.46217864751815796,0.537821352481842,741.0,
273,train,cross_entropy,0.8181335926055908,0.09396302700042725,0.9060369729995728,23.0,
274,train,cross_entropy,0.8181335926055908,0.042908430099487305,0.9570915699005127,108.0,
275,train,cross_entropy,0.8181335926055908,0.13083291053771973,0.8691670894622803,204.0,
276,train,cross_entropy,0.8181335926055908,0.17737531661987305,0.822624683380127,270.0,
277,train,cross_entropy,0.8181335926055908,0.2750362157821655,0.7249637842178345,290.0,
278,train,cross_entropy,0.8181335926055908,0.04651927947998047,0.9534807205200195,711.0,
279,train,cross_entropy,0.8181335926055908,0.06609487533569336,0.9339051246643066,746.0,
280,train,cross_entropy,0.8494119644165039,0.08044677972793579,0.9195532202720642,13.0,
281,train,cross_entropy,0.8494119644165039,0.077583909034729,0.922416090965271,137.0,
282,train,cross_entropy,0.8494119644165039,0.1510787010192871,0.8489212989807129,157.0,
283,train,cross_entropy,0.8494119644165039,0.25648874044418335,0.7435112595558167,295.0,
284,train,cross_entropy,0.8494119644165039,0.03425145149230957,0.9657485485076904,445.0,
285,train,cross_entropy,0.8494119644165039,0.24789661169052124,0.7521033883094788,494.0,
286,train,cross_entropy,0.8494119644165039,0.3457835912704468,0.6542164087295532,520.0,
287,train,cross_entropy,0.8494119644165039,0.06054890155792236,0.9394510984420776,553.0,
288,train,cross_entropy,0.9196376800537109,0.15239161252975464,0.8476083874702454,660.0,
289,train,cross_entropy,0.9196376800537109,0.07512563467025757,0.9248743653297424,686.0,
290,train,cross_entropy,0.9196376800537109,0.0853186845779419,0.9146813154220581,736.0,
291,train,cross_entropy,0.9196376800537109,0.20982426404953003,0.79017573595047,799.0,
292,train,cross_entropy,0.9196376800537109,0.10907453298568726,0.8909254670143127,44.0,
293,train,cross_entropy,0.9196376800537109,0.05098438262939453,0.9490156173706055,151.0,
294,train,cross_entropy,0.9196376800537109,0.14915406703948975,0.8508459329605103,228.0,
295,train,cross_entropy,0.9196376800537109,0.3832130432128906,0.6167869567871094,244.0,
296,train,cross_entropy,0.8771164417266846,0.0873766541481018,0.9126233458518982,250.0,
297,train,cross_entropy,0.8771164417266846,0.053308963775634766,0.9466910362243652,444.0,
298,train,cross_entropy,0.8771164417266846,0.08628112077713013,0.9137188792228699,488.0,
299,train,cross_entropy,0.8771164417266846,0.061255812644958496,0.9387441873550415,681.0,
300,train,cross_entropy,0.8771164417266846,0.06567645072937012,0.9343235492706299,7.0,
301,train,cross_entropy,0.8771164417266846,0.13303416967391968,0.8669658303260803,130.0,
302,train,cross_entropy,0.8771164417266846,0.1669510006904602,0.8330489993095398,134.0,
303,train,cross_entropy,0.8771164417266846,0.08579814434051514,0.9142018556594849,143.0,
304,train,cross_entropy,0.890709638595581,0.12997615337371826,0.8700238466262817,147.0,
305,train,cross_entropy,0.890709638595581,0.092246413230896,0.907753586769104,188.0,
306,train,cross_entropy,0.890709638595581,0.1843060851097107,0.8156939148902893,211.0,
307,train,cross_entropy,0.890709638595581,0.06112271547317505,0.938877284526825,213.0,
308,train,cross_entropy,0.890709638595581,0.12801051139831543,0.8719894886016846,528.0,
309,train,cross_entropy,0.890709638595581,0.09664696455001831,0.9033530354499817,625.0,
310,train,cross_entropy,0.890709638595581,0.0980481505393982,0.9019518494606018,764.0,
311,train,cross_entropy,0.890709638595581,0.09312570095062256,0.9068742990493774,4.0,
312,train,cross_entropy,0.8175548315048218,0.05571138858795166,0.9442886114120483,102.0,
313,train,cross_entropy,0.8175548315048218,0.02882671356201172,0.9711732864379883,132.0,
314,train,cross_entropy,0.8175548315048218,0.05437237024307251,0.9456276297569275,161.0,
315,train,cross_entropy,0.8175548315048218,0.16482853889465332,0.8351714611053467,356.0,
316,train,cross_entropy,0.8175548315048218,0.04913008213043213,0.9508699178695679,408.0,
317,train,cross_entropy,0.8175548315048218,0.030617475509643555,0.9693825244903564,419.0,
318,train,cross_entropy,0.8175548315048218,0.03183603286743164,0.9681639671325684,428.0,
319,train,cross_entropy,0.8175548315048218,0.10028862953186035,0.8997113704681396,495.0,
320,train,cross_entropy,0.8797869682312012,0.04611486196517944,0.9538851380348206,501.0,
321,train,cross_entropy,0.8797869682312012,0.0553288459777832,0.9446711540222168,542.0,
322,train,cross_entropy,0.8797869682312012,0.07251161336898804,0.927488386631012,543.0,
323,train,cross_entropy,0.8797869682312012,0.08930295705795288,0.9106970429420471,740.0,
324,train,cross_entropy,0.8797869682312012,0.10734808444976807,0.8926519155502319,2.0,
325,train,cross_entropy,0.8797869682312012,0.059640467166900635,0.9403595328330994,59.0,
326,train,cross_entropy,0.8797869682312012,0.10981160402297974,0.8901883959770203,189.0,
327,train,cross_entropy,0.8797869682312012,0.07455581426620483,0.9254441857337952,191.0,
328,train,cross_entropy,0.9148873090744019,0.1416991949081421,0.8583008050918579,205.0,
329,train,cross_entropy,0.9148873090744019,0.12583786249160767,0.8741621375083923,354.0,
330,train,cross_entropy,0.9148873090744019,0.06096351146697998,0.93903648853302,355.0,
331,train,cross_entropy,0.9148873090744019,0.07267272472381592,0.9273272752761841,367.0,
332,train,cross_entropy,0.9148873090744019,0.22589021921157837,0.7741097807884216,492.0,
333,train,cross_entropy,0.9148873090744019,0.06277596950531006,0.9372240304946899,568.0,
334,train,cross_entropy,0.9148873090744019,0.09940409660339355,0.9005959033966064,601.0,
335,train,cross_entropy,0.9148873090744019,0.08324861526489258,0.9167513847351074,630.0,
336,train,cross_entropy,0.8951466083526611,0.1719803810119629,0.8280196189880371,631.0,
337,train,cross_entropy,0.8951466083526611,0.055442988872528076,0.9445570111274719,675.0,
338,train,cross_entropy,0.8951466083526611,0.06570076942443848,0.9342992305755615,703.0,
339,train,cross_entropy,0.8951466083526611,0.057611167430877686,0.9423888325691223,725.0,
340,train,cross_entropy,0.8951466083526611,0.08360391855239868,0.9163960814476013,751.0,
341,train,cross_entropy,0.8951466083526611,0.5082685351371765,0.4917314648628235,779.0,
342,train,cross_entropy,0.8951466083526611,0.16763585805892944,0.8323641419410706,786.0,
343,train,cross_entropy,0.8951466083526611,0.07596266269683838,0.9240373373031616,791.0,
344,train,cross_entropy,0.8315807580947876,0.08848947286605835,0.9115105271339417,662.0,
345,train,cross_entropy,0.8315807580947876,0.024935126304626465,0.9750648736953735,55.0,
346,train,cross_entropy,0.8315807580947876,0.055638790130615234,0.9443612098693848,136.0,
347,train,cross_entropy,0.8315807580947876,0.08965545892715454,0.9103445410728455,216.0,
348,train,cross_entropy,0.8315807580947876,0.36157095432281494,0.6384290456771851,378.0,
349,train,cross_entropy,0.8315807580947876,0.04301178455352783,0.9569882154464722,446.0,
350,train,cross_entropy,0.8315807580947876,0.07609689235687256,0.9239031076431274,481.0,
351,train,cross_entropy,0.8315807580947876,0.051237523555755615,0.9487624764442444,683.0,
352,train,cross_entropy,0.5871517658233643,0.03220176696777344,0.9677982330322266,712.0,
353,train,cross_entropy,0.5871517658233643,0.11676293611526489,0.8832370638847351,713.0,
354,train,cross_entropy,0.5871517658233643,0.06292033195495605,0.937079668045044,316.0,
355,train,cross_entropy,0.5871517658233643,0.032902300357818604,0.9670976996421814,503.0,
356,train,cross_entropy,0.5871517658233643,0.06827020645141602,0.931729793548584,583.0,
357,train,cross_entropy,0.5871517658233643,0.08290261030197144,0.9170973896980286,30.0,
358,train,cross_entropy,0.5871517658233643,0.05643284320831299,0.943567156791687,99.0,
359,train,cross_entropy,0.5871517658233643,0.06148707866668701,0.938512921333313,156.0,
360,train,cross_entropy,0.817405104637146,0.04643338918685913,0.9535666108131409,293.0,
361,train,cross_entropy,0.817405104637146,0.18715447187423706,0.8128455281257629,449.0,
362,train,cross_entropy,0.817405104637146,0.0580822229385376,0.9419177770614624,756.0,
363,train,cross_entropy,0.817405104637146,0.04066568613052368,0.9593343138694763,769.0,
364,train,cross_entropy,0.817405104637146,0.1719909906387329,0.8280090093612671,8.0,
365,train,cross_entropy,0.817405104637146,0.08169412612915039,0.9183058738708496,88.0,
366,train,cross_entropy,0.817405104637146,0.2439764142036438,0.7560235857963562,209.0,
367,train,cross_entropy,0.817405104637146,0.05604052543640137,0.9439594745635986,268.0,
368,train,cross_entropy,0.8437180519104004,0.08294641971588135,0.9170535802841187,580.0,
369,train,cross_entropy,0.8437180519104004,0.08526551723480225,0.9147344827651978,628.0,
370,train,cross_entropy,0.8437180519104004,0.05046558380126953,0.9495344161987305,772.0,
371,train,cross_entropy,0.8437180519104004,0.12075328826904297,0.879246711730957,87.0,
372,train,cross_entropy,0.8437180519104004,0.05650758743286133,0.9434924125671387,571.0,
373,train,cross_entropy,0.8437180519104004,0.09727156162261963,0.9027284383773804,589.0,
374,train,cross_entropy,0.8437180519104004,0.08586925268173218,0.9141307473182678,717.0,
375,train,cross_entropy,0.8437180519104004,0.08754390478134155,0.9124560952186584,752.0,
376,train,cross_entropy,0.9134469032287598,0.07576912641525269,0.9242308735847473,105.0,
377,train,cross_entropy,0.9134469032287598,0.11584538221359253,0.8841546177864075,175.0,
378,train,cross_entropy,0.9134469032287598,0.04836463928222656,0.9516353607177734,315.0,
379,train,cross_entropy,0.9134469032287598,0.07421481609344482,0.9257851839065552,416.0,
380,train,cross_entropy,0.9134469032287598,0.09232491254806519,0.9076750874519348,440.0,
381,train,cross_entropy,0.9134469032287598,0.10308736562728882,0.8969126343727112,515.0,
382,train,cross_entropy,0.9134469032287598,0.0668632984161377,0.9331367015838623,554.0,
383,train,cross_entropy,0.9134469032287598,0.34754323959350586,0.6524567604064941,41.0,
384,train,cross_entropy,0.797600507736206,0.05441957712173462,0.9455804228782654,112.0,
385,train,cross_entropy,0.797600507736206,0.1692104935646057,0.8307895064353943,215.0,
386,train,cross_entropy,0.797600507736206,0.08258306980133057,0.9174169301986694,269.0,
387,train,cross_entropy,0.797600507736206,0.11223548650741577,0.8877645134925842,330.0,
388,train,cross_entropy,0.797600507736206,0.03208965063095093,0.9679103493690491,373.0,
389,train,cross_entropy,0.797600507736206,0.08901560306549072,0.9109843969345093,397.0,
390,train,cross_entropy,0.797600507736206,0.17367470264434814,0.8263252973556519,407.0,
391,train,cross_entropy,0.797600507736206,0.0995100736618042,0.9004899263381958,480.0,
392,train,cross_entropy,0.8610833883285522,0.07728534936904907,0.9227146506309509,531.0,
393,train,cross_entropy,0.8610833883285522,0.14556670188903809,0.8544332981109619,563.0,
394,train,cross_entropy,0.8610833883285522,0.1554381251335144,0.8445618748664856,646.0,
395,train,cross_entropy,0.8610833883285522,0.12202507257461548,0.8779749274253845,659.0,
396,train,cross_entropy,0.8610833883285522,0.22854673862457275,0.7714532613754272,748.0,
397,train,cross_entropy,0.8610833883285522,0.05900931358337402,0.940990686416626,759.0,
398,train,cross_entropy,0.8610833883285522,0.12107443809509277,0.8789255619049072,765.0,
399,train,cross_entropy,0.8610833883285522,0.029008984565734863,0.9709910154342651,10.0,
400,train,cross_entropy,0.928672194480896,0.03583484888076782,0.9641651511192322,47.0,
401,train,cross_entropy,0.928672194480896,0.03744626045227051,0.9625537395477295,66.0,
402,train,cross_entropy,0.928672194480896,0.03685849905014038,0.9631415009498596,116.0,
403,train,cross_entropy,0.928672194480896,0.056966185569763184,0.9430338144302368,364.0,
404,train,cross_entropy,0.928672194480896,0.032725751399993896,0.9672742486000061,382.0,
405,train,cross_entropy,0.928672194480896,0.03838711977005005,0.96161288022995,668.0,
406,train,cross_entropy,0.928672194480896,0.06842106580734253,0.9315789341926575,103.0,
407,train,cross_entropy,0.928672194480896,0.05529278516769409,0.9447072148323059,190.0,
408,train,cross_entropy,0.8657422065734863,0.06500363349914551,0.9349963665008545,241.0,
409,train,cross_entropy,0.8657422065734863,0.2141106128692627,0.7858893871307373,456.0,
410,train,cross_entropy,0.8657422065734863,0.05941176414489746,0.9405882358551025,604.0,
411,train,cross_entropy,0.8657422065734863,0.21086859703063965,0.7891314029693604,606.0,
412,train,cross_entropy,0.8657422065734863,0.06183534860610962,0.9381646513938904,648.0,
413,train,cross_entropy,0.8657422065734863,0.04633444547653198,0.953665554523468,754.0,
414,train,cross_entropy,0.8657422065734863,0.05314379930496216,0.9468562006950378,0.0,
415,train,cross_entropy,0.8657422065734863,0.06637567281723022,0.9336243271827698,96.0,
416,train,cross_entropy,0.7607693672180176,0.0474967360496521,0.9525032639503479,169.0,
417,train,cross_entropy,0.7607693672180176,0.04126101732254028,0.9587389826774597,418.0,
418,train,cross_entropy,0.7607693672180176,0.07445317506790161,0.9255468249320984,460.0,
419,train,cross_entropy,0.7607693672180176,0.13652634620666504,0.863473653793335,462.0,
420,train,cross_entropy,0.7607693672180176,0.0462493896484375,0.9537506103515625,502.0,
421,train,cross_entropy,0.7607693672180176,0.07795274257659912,0.9220472574234009,749.0,
422,train,cross_entropy,0.7607693672180176,0.029445409774780273,0.9705545902252197,767.0,
423,train,cross_entropy,0.7607693672180176,0.042005717754364014,0.957994282245636,9.0,
424,train,cross_entropy,0.5754163265228271,0.10729396343231201,0.892706036567688,71.0,
425,train,cross_entropy,0.5754163265228271,0.06311637163162231,0.9368836283683777,152.0,
426,train,cross_entropy,0.5754163265228271,0.11359429359436035,0.8864057064056396,249.0,
427,train,cross_entropy,0.5754163265228271,0.23247474431991577,0.7675252556800842,275.0,
428,train,cross_entropy,0.5754163265228271,0.19304364919662476,0.8069563508033752,310.0,
429,train,cross_entropy,0.5754163265228271,0.16954874992370605,0.830451250076294,344.0,
430,train,cross_entropy,0.5754163265228271,0.16838014125823975,0.8316198587417603,371.0,
431,train,cross_entropy,0.5754163265228271,0.08881163597106934,0.9111883640289307,433.0,
432,train,cross_entropy,0.7485252618789673,0.15832442045211792,0.8416755795478821,545.0,
433,train,cross_entropy,0.7485252618789673,0.014985620975494385,0.9850143790245056,564.0,
434,train,cross_entropy,0.7485252618789673,0.08133804798126221,0.9186619520187378,676.0,
435,train,cross_entropy,0.7485252618789673,0.08166331052780151,0.9183366894721985,21.0,
436,train,cross_entropy,0.7485252618789673,0.07557648420333862,0.9244235157966614,93.0,
437,train,cross_entropy,0.7485252618789673,0.09442919492721558,0.9055708050727844,128.0,
438,train,cross_entropy,0.7485252618789673,0.043688416481018066,0.9563115835189819,509.0,
439,train,cross_entropy,0.7485252618789673,0.04897606372833252,0.9510239362716675,537.0,
440,train,cross_entropy,0.8268991708755493,0.3555278182029724,0.6444721817970276,797.0,
441,train,cross_entropy,0.8268991708755493,0.050159752368927,0.949840247631073,60.0,
442,train,cross_entropy,0.8268991708755493,0.06349927186965942,0.9365007281303406,86.0,
443,train,cross_entropy,0.8268991708755493,0.11598104238510132,0.8840189576148987,160.0,
444,train,cross_entropy,0.8268991708755493,0.05348140001296997,0.94651859998703,341.0,
445,train,cross_entropy,0.8268991708755493,0.3099300265312195,0.6900699734687805,349.0,
446,train,cross_entropy,0.8268991708755493,0.06499767303466797,0.935002326965332,484.0,
447,train,cross_entropy,0.8268991708755493,0.1572943925857544,0.8427056074142456,529.0,
448,train,cross_entropy,0.8004237413406372,0.16295528411865234,0.8370447158813477,569.0,
449,train,cross_entropy,0.8004237413406372,0.2803766131401062,0.7196233868598938,582.0,
450,train,cross_entropy,0.8004237413406372,0.08163249492645264,0.9183675050735474,687.0,
451,train,cross_entropy,0.8004237413406372,0.3084315061569214,0.6915684938430786,704.0,
452,train,cross_entropy,0.8004237413406372,0.09218853712081909,0.9078114628791809,726.0,
453,train,cross_entropy,0.8004237413406372,0.050697505474090576,0.9493024945259094,774.0,
454,train,cross_entropy,0.8004237413406372,0.23382049798965454,0.7661795020103455,62.0,
455,train,cross_entropy,0.8004237413406372,0.062395453453063965,0.937604546546936,65.0,
456,train,cross_entropy,0.8539420366287231,0.12643730640411377,0.8735626935958862,140.0,
457,train,cross_entropy,0.8539420366287231,0.046274542808532715,0.9537254571914673,199.0,
458,train,cross_entropy,0.8539420366287231,0.6046808958053589,0.3953191041946411,403.0,
459,train,cross_entropy,0.8539420366287231,0.15362411737442017,0.8463758826255798,420.0,
460,train,cross_entropy,0.8539420366287231,0.039763450622558594,0.9602365493774414,475.0,
461,train,cross_entropy,0.8539420366287231,0.07354497909545898,0.926455020904541,504.0,
462,train,cross_entropy,0.8539420366287231,0.15104824304580688,0.8489517569541931,667.0,
463,train,cross_entropy,0.8539420366287231,0.04499483108520508,0.9550051689147949,782.0,
464,train,cross_entropy,0.9173686504364014,0.10899704694747925,0.8910029530525208,61.0,
465,train,cross_entropy,0.9173686504364014,0.16918301582336426,0.8308169841766357,392.0,
466,train,cross_entropy,0.9173686504364014,0.07809609174728394,0.9219039082527161,613.0,
467,train,cross_entropy,0.9173686504364014,0.08787095546722412,0.9121290445327759,617.0,
468,train,cross_entropy,0.9173686504364014,0.13623684644699097,0.863763153553009,332.0,
469,train,cross_entropy,0.9173686504364014,0.1811370849609375,0.8188629150390625,386.0,
470,train,cross_entropy,0.9173686504364014,0.12034732103347778,0.8796526789665222,513.0,
471,train,cross_entropy,0.9173686504364014,0.5242117643356323,0.4757882356643677,637.0,
472,train,cross_entropy,0.9040651321411133,0.10185706615447998,0.89814293384552,778.0,
473,train,cross_entropy,0.9040651321411133,0.04939568042755127,0.9506043195724487,212.0,
474,train,cross_entropy,0.9040651321411133,0.09576582908630371,0.9042341709136963,237.0,
475,train,cross_entropy,0.9040651321411133,0.1036025881767273,0.8963974118232727,281.0,
476,train,cross_entropy,0.9040651321411133,0.10240739583969116,0.8975926041603088,292.0,
477,train,cross_entropy,0.9040651321411133,0.08824360370635986,0.9117563962936401,450.0,
478,train,cross_entropy,0.9040651321411133,0.15199893712997437,0.8480010628700256,680.0,
479,train,cross_entropy,0.9040651321411133,0.1427140235900879,0.8572859764099121,710.0,
480,train,cross_entropy,0.7585214376449585,0.08660036325454712,0.9133996367454529,718.0,
481,train,cross_entropy,0.7585214376449585,0.27189135551452637,0.7281086444854736,731.0,
482,train,cross_entropy,0.7585214376449585,0.05656486749649048,0.9434351325035095,299.0,
483,train,cross_entropy,0.7585214376449585,0.0635794997215271,0.9364205002784729,54.0,
484,train,cross_entropy,0.7585214376449585,0.18429434299468994,0.8157056570053101,56.0,
485,train,cross_entropy,0.7585214376449585,0.09372073411941528,0.9062792658805847,73.0,
486,train,cross_entropy,0.7585214376449585,0.04576694965362549,0.9542330503463745,265.0,
487,train,cross_entropy,0.7585214376449585,0.20411241054534912,0.7958875894546509,296.0,
488,train,cross_entropy,0.8964186906814575,0.17251890897750854,0.8274810910224915,388.0,
489,train,cross_entropy,0.8964186906814575,0.14417946338653564,0.8558205366134644,429.0,
490,train,cross_entropy,0.8964186906814575,0.10263925790786743,0.8973607420921326,453.0,
491,train,cross_entropy,0.8964186906814575,0.12610232830047607,0.8738976716995239,616.0,
492,train,cross_entropy,0.8964186906814575,0.06505477428436279,0.9349452257156372,620.0,
493,train,cross_entropy,0.8964186906814575,0.06198537349700928,0.9380146265029907,716.0,
494,train,cross_entropy,0.8964186906814575,0.2537550926208496,0.7462449073791504,719.0,
495,train,cross_entropy,0.8964186906814575,0.06822973489761353,0.9317702651023865,750.0,
496,train,cross_entropy,0.8742756843566895,0.0663941502571106,0.9336058497428894,214.0,
497,train,cross_entropy,0.8742756843566895,0.07939529418945312,0.9206047058105469,221.0,
498,train,cross_entropy,0.8742756843566895,0.046958744525909424,0.9530412554740906,253.0,
499,train,cross_entropy,0.8742756843566895,0.05965298414230347,0.9403470158576965,298.0,
500,train,cross_entropy,0.8742756843566895,0.12087208032608032,0.8791279196739197,302.0,
501,train,cross_entropy,0.8742756843566895,0.1148993968963623,0.8851006031036377,370.0,
502,train,cross_entropy,0.8742756843566895,0.1635289192199707,0.8364710807800293,565.0,
503,train,cross_entropy,0.8742756843566895,0.0861368179321289,0.9138631820678711,696.0,
504,train,cross_entropy,0.910106897354126,0.08268153667449951,0.9173184633255005,781.0,
505,train,cross_entropy,0.910106897354126,0.03758805990219116,0.9624119400978088,633.0,
506,train,cross_entropy,0.910106897354126,0.02916043996810913,0.9708395600318909,511.0,
507,train,cross_entropy,0.910106897354126,0.04492157697677612,0.9550784230232239,83.0,
508,train,cross_entropy,0.910106897354126,0.06345856189727783,0.9365414381027222,107.0,
509,train,cross_entropy,0.910106897354126,0.08037030696868896,0.919629693031311,195.0,
510,train,cross_entropy,0.910106897354126,0.1376398801803589,0.8623601198196411,306.0,
511,train,cross_entropy,0.910106897354126,0.07914513349533081,0.9208548665046692,618.0,
512,train,cross_entropy,0.8727350234985352,0.2075788974761963,0.7924211025238037,6.0,
513,train,cross_entropy,0.8727350234985352,0.20670413970947266,0.7932958602905273,12.0,
514,train,cross_entropy,0.8727350234985352,0.118771493434906,0.881228506565094,40.0,
515,train,cross_entropy,0.8727350234985352,0.027224481105804443,0.9727755188941956,101.0,
516,train,cross_entropy,0.8727350234985352,0.2988787889480591,0.7011212110519409,283.0,
517,train,cross_entropy,0.8727350234985352,0.06820416450500488,0.9317958354949951,324.0,
518,train,cross_entropy,0.8727350234985352,0.15173667669296265,0.8482633233070374,365.0,
519,train,cross_entropy,0.8727350234985352,0.12438011169433594,0.8756198883056641,409.0,
520,train,cross_entropy,0.5775389671325684,0.13649886846542358,0.8635011315345764,514.0,
521,train,cross_entropy,0.5775389671325684,0.18247079849243164,0.8175292015075684,602.0,
522,train,cross_entropy,0.5775389671325684,0.3175188899040222,0.6824811100959778,688.0,
523,train,cross_entropy,0.5775389671325684,0.0670853853225708,0.9329146146774292,706.0,
524,train,cross_entropy,0.5775389671325684,0.08060145378112793,0.9193985462188721,43.0,
525,train,cross_entropy,0.5775389671325684,0.05334371328353882,0.9466562867164612,77.0,
526,train,cross_entropy,0.5775389671325684,0.6561572551727295,0.3438427448272705,113.0,
527,train,cross_entropy,0.5775389671325684,0.045249104499816895,0.9547508955001831,142.0,
528,train,cross_entropy,0.9044976234436035,0.2169286012649536,0.7830713987350464,257.0,
529,train,cross_entropy,0.9044976234436035,0.08355832099914551,0.9164416790008545,289.0,
530,train,cross_entropy,0.9044976234436035,0.09801483154296875,0.9019851684570312,368.0,
531,train,cross_entropy,0.9044976234436035,0.09484046697616577,0.9051595330238342,396.0,
532,train,cross_entropy,0.9044976234436035,0.171985924243927,0.828014075756073,526.0,
533,train,cross_entropy,0.9044976234436035,0.06426721811294556,0.9357327818870544,557.0,
534,train,cross_entropy,0.9044976234436035,0.07500630617141724,0.9249936938285828,597.0,
535,train,cross_entropy,0.9044976234436035,0.04248201847076416,0.9575179815292358,607.0,
536,train,cross_entropy,0.7991167306900024,0.08965951204299927,0.9103404879570007,655.0,
537,train,cross_entropy,0.7991167306900024,0.060911476612091064,0.9390885233879089,3.0,
538,train,cross_entropy,0.7991167306900024,0.06389522552490234,0.9361047744750977,121.0,
539,train,cross_entropy,0.7991167306900024,0.023411571979522705,0.9765884280204773,155.0,
540,train,cross_entropy,0.7991167306900024,0.030303895473480225,0.9696961045265198,424.0,
541,train,cross_entropy,0.7991167306900024,0.08768916130065918,0.9123108386993408,478.0,
542,train,cross_entropy,0.7991167306900024,0.06641268730163574,0.9335873126983643,654.0,
543,train,cross_entropy,0.7991167306900024,0.18137884140014648,0.8186211585998535,33.0,
544,train,cross_entropy,0.7037965059280396,0.09319663047790527,0.9068033695220947,67.0,
545,train,cross_entropy,0.7037965059280396,0.10291987657546997,0.89708012342453,68.0,
546,train,cross_entropy,0.7037965059280396,0.0571712851524353,0.9428287148475647,120.0,
547,train,cross_entropy,0.7037965059280396,0.07567495107650757,0.9243250489234924,145.0,
548,train,cross_entropy,0.7037965059280396,0.10687464475631714,0.8931253552436829,287.0,
549,train,cross_entropy,0.7037965059280396,0.11696493625640869,0.8830350637435913,323.0,
550,train,cross_entropy,0.7037965059280396,0.06197702884674072,0.9380229711532593,621.0,
551,train,cross_entropy,0.7037965059280396,0.11496490240097046,0.8850350975990295,27.0,
552,train,cross_entropy,0.8599776029586792,0.05282050371170044,0.9471794962882996,31.0,
553,train,cross_entropy,0.8599776029586792,0.07145547866821289,0.9285445213317871,36.0,
554,train,cross_entropy,0.8599776029586792,0.04734301567077637,0.9526569843292236,185.0,
555,train,cross_entropy,0.8599776029586792,0.17909979820251465,0.8209002017974854,325.0,
556,train,cross_entropy,0.8599776029586792,0.0425683856010437,0.9574316143989563,441.0,
557,train,cross_entropy,0.8599776029586792,0.13215988874435425,0.8678401112556458,508.0,
558,train,cross_entropy,0.8599776029586792,0.05730408430099487,0.9426959156990051,546.0,
559,train,cross_entropy,0.8599776029586792,0.13623207807540894,0.8637679219245911,612.0,
560,train,cross_entropy,0.7835061550140381,0.04672253131866455,0.9532774686813354,699.0,
561,train,cross_entropy,0.7835061550140381,0.2351868748664856,0.7648131251335144,768.0,
562,train,cross_entropy,0.7835061550140381,0.14938616752624512,0.8506138324737549,168.0,
563,train,cross_entropy,0.7835061550140381,0.061855971813201904,0.9381440281867981,254.0,
564,train,cross_entropy,0.7835061550140381,0.1469864845275879,0.8530135154724121,258.0,
565,train,cross_entropy,0.7835061550140381,0.09693360328674316,0.9030663967132568,263.0,
566,train,cross_entropy,0.7835061550140381,0.06950122117996216,0.9304987788200378,317.0,
567,train,cross_entropy,0.7835061550140381,0.04144012928009033,0.9585598707199097,328.0,
568,train,cross_entropy,0.7756576538085938,0.10952633619308472,0.8904736638069153,521.0,
569,train,cross_entropy,0.7756576538085938,0.07061010599136353,0.9293898940086365,559.0,
570,train,cross_entropy,0.7756576538085938,0.15478605031967163,0.8452139496803284,622.0,
571,train,cross_entropy,0.7756576538085938,0.10435456037521362,0.8956454396247864,682.0,
572,train,cross_entropy,0.7756576538085938,0.09498679637908936,0.9050132036209106,690.0,
573,train,cross_entropy,0.7756576538085938,0.10262250900268555,0.8973774909973145,798.0,
574,train,cross_entropy,0.7756576538085938,0.05942720174789429,0.9405727982521057,46.0,
575,train,cross_entropy,0.7756576538085938,0.030671894550323486,0.9693281054496765,80.0,
576,train,cross_entropy,0.8524763584136963,0.06826937198638916,0.9317306280136108,260.0,
577,train,cross_entropy,0.8524763584136963,0.04029345512390137,0.9597065448760986,359.0,
578,train,cross_entropy,0.8524763584136963,0.06151580810546875,0.9384841918945312,572.0,
579,train,cross_entropy,0.8524763584136963,0.13853073120117188,0.8614692687988281,605.0,
580,train,cross_entropy,0.8524763584136963,0.261300265789032,0.738699734210968,39.0,
581,train,cross_entropy,0.8524763584136963,0.1258295774459839,0.8741704225540161,45.0,
582,train,cross_entropy,0.8524763584136963,0.03651946783065796,0.963480532169342,126.0,
583,train,cross_entropy,0.8524763584136963,0.09496378898620605,0.905036211013794,173.0,
584,train,cross_entropy,0.7536225318908691,0.22572720050811768,0.7742727994918823,336.0,
585,train,cross_entropy,0.7536225318908691,0.09824514389038086,0.9017548561096191,353.0,
586,train,cross_entropy,0.7536225318908691,0.4305456280708313,0.5694543719291687,518.0,
587,train,cross_entropy,0.7536225318908691,0.06127917766571045,0.9387208223342896,561.0,
588,train,cross_entropy,0.7536225318908691,0.25888144969940186,0.7411185503005981,629.0,
589,train,cross_entropy,0.7536225318908691,0.08227473497390747,0.9177252650260925,695.0,
590,train,cross_entropy,0.7536225318908691,0.10685819387435913,0.8931418061256409,702.0,
591,train,cross_entropy,0.7536225318908691,0.14406812191009521,0.8559318780899048,780.0,
592,train,cross_entropy,0.8994632959365845,0.08797001838684082,0.9120299816131592,42.0,
593,train,cross_entropy,0.8994632959365845,0.09457516670227051,0.9054248332977295,72.0,
594,train,cross_entropy,0.8994632959365845,0.08779335021972656,0.9122066497802734,301.0,
595,train,cross_entropy,0.8994632959365845,0.05569052696228027,0.9443094730377197,335.0,
596,train,cross_entropy,0.8994632959365845,0.11429613828659058,0.8857038617134094,393.0,
597,train,cross_entropy,0.8994632959365845,0.3178253173828125,0.6821746826171875,535.0,
598,train,cross_entropy,0.8994632959365845,0.08170074224472046,0.9182992577552795,552.0,
599,train,cross_entropy,0.8994632959365845,0.045387983322143555,0.9546120166778564,642.0,
600,train,cross_entropy,0.8774863481521606,0.15212523937225342,0.8478747606277466,792.0,
601,train,cross_entropy,0.8774863481521606,0.07816845178604126,0.9218315482139587,19.0,
602,train,cross_entropy,0.8774863481521606,0.04779297113418579,0.9522070288658142,164.0,
603,train,cross_entropy,0.8774863481521606,0.07209581136703491,0.9279041886329651,167.0,
604,train,cross_entropy,0.8774863481521606,0.05134940147399902,0.948650598526001,208.0,
605,train,cross_entropy,0.8774863481521606,0.032542645931243896,0.9674573540687561,232.0,
606,train,cross_entropy,0.8774863481521606,0.06897693872451782,0.9310230612754822,376.0,
607,train,cross_entropy,0.8774863481521606,0.2201697826385498,0.7798302173614502,399.0,
608,train,cross_entropy,0.8896055221557617,0.08777958154678345,0.9122204184532166,427.0,
609,train,cross_entropy,0.8896055221557617,0.0987710952758789,0.9012289047241211,619.0,
610,train,cross_entropy,0.8896055221557617,0.09097355604171753,0.9090264439582825,708.0,
611,train,cross_entropy,0.8896055221557617,0.05801135301589966,0.9419886469841003,788.0,
612,train,cross_entropy,0.8896055221557617,0.1165195107460022,0.8834804892539978,18.0,
613,train,cross_entropy,0.8896055221557617,0.12942540645599365,0.8705745935440063,277.0,
614,train,cross_entropy,0.8896055221557617,0.08317077159881592,0.9168292284011841,415.0,
615,train,cross_entropy,0.8896055221557617,0.9009624719619751,0.0990375280380249,448.0,
616,train,cross_entropy,0.9103764295578003,0.10931235551834106,0.8906876444816589,472.0,
617,train,cross_entropy,0.9103764295578003,0.16172420978546143,0.8382757902145386,591.0,
618,train,cross_entropy,0.9103764295578003,0.45183247327804565,0.5481675267219543,649.0,
619,train,cross_entropy,0.9103764295578003,0.05254596471786499,0.947454035282135,669.0,
620,train,cross_entropy,0.9103764295578003,0.08334267139434814,0.9166573286056519,684.0,
621,train,cross_entropy,0.9103764295578003,0.0519031286239624,0.9480968713760376,722.0,
622,train,cross_entropy,0.9103764295578003,0.21165871620178223,0.7883412837982178,182.0,
623,train,cross_entropy,0.9103764295578003,0.0732153058052063,0.9267846941947937,234.0,
624,train,cross_entropy,0.9101547002792358,0.19704025983810425,0.8029597401618958,348.0,
625,train,cross_entropy,0.9101547002792358,0.6654036045074463,0.3345963954925537,394.0,
626,train,cross_entropy,0.9101547002792358,0.08706158399581909,0.9129384160041809,541.0,
627,train,cross_entropy,0.9101547002792358,0.17481344938278198,0.825186550617218,596.0,
628,train,cross_entropy,0.9101547002792358,0.08994710445404053,0.9100528955459595,114.0,
629,train,cross_entropy,0.9101547002792358,0.10101127624511719,0.8989887237548828,170.0,
630,train,cross_entropy,0.9101547002792358,0.06764006614685059,0.9323599338531494,278.0,
631,train,cross_entropy,0.9101547002792358,0.10789883136749268,0.8921011686325073,334.0,
632,train,cross_entropy,0.8602266311645508,0.0889623761177063,0.9110376238822937,379.0,
633,train,cross_entropy,0.8602266311645508,0.10012435913085938,0.8998756408691406,402.0,
634,train,cross_entropy,0.8602266311645508,0.09484410285949707,0.9051558971405029,476.0,
635,train,cross_entropy,0.8602266311645508,0.08319240808486938,0.9168075919151306,689.0,
636,train,cross_entropy,0.8602266311645508,0.07410168647766113,0.9258983135223389,783.0,
637,train,cross_entropy,0.8602266311645508,0.08150219917297363,0.9184978008270264,110.0,
638,train,cross_entropy,0.8602266311645508,0.05334615707397461,0.9466538429260254,197.0,
639,train,cross_entropy,0.8602266311645508,0.6600103974342346,0.3399896025657654,261.0,
640,train,cross_entropy,0.9535871744155884,0.16477370262145996,0.83522629737854,29.0,
641,train,cross_entropy,0.9535871744155884,0.18081259727478027,0.8191874027252197,89.0,
642,train,cross_entropy,0.9535871744155884,0.22261643409729004,0.77738356590271,206.0,
643,train,cross_entropy,0.9535871744155884,0.13733160495758057,0.8626683950424194,218.0,
644,train,cross_entropy,0.9535871744155884,0.07259702682495117,0.9274029731750488,219.0,
645,train,cross_entropy,0.9535871744155884,0.06015324592590332,0.9398467540740967,461.0,
646,train,cross_entropy,0.9535871744155884,0.16442328691482544,0.8355767130851746,490.0,
647,train,cross_entropy,0.9535871744155884,0.17498838901519775,0.8250116109848022,652.0,
648,train,cross_entropy,0.913686990737915,0.06817930936813354,0.9318206906318665,720.0,
649,train,cross_entropy,0.913686990737915,0.10453176498413086,0.8954682350158691,111.0,
650,train,cross_entropy,0.913686990737915,0.04980933666229248,0.9501906633377075,133.0,
651,train,cross_entropy,0.913686990737915,0.09329056739807129,0.9067094326019287,149.0,
652,train,cross_entropy,0.913686990737915,0.05372762680053711,0.9462723731994629,242.0,
653,train,cross_entropy,0.913686990737915,0.11803585290908813,0.8819641470909119,337.0,
654,train,cross_entropy,0.913686990737915,0.037086427211761475,0.9629135727882385,463.0,
655,train,cross_entropy,0.913686990737915,0.030902385711669922,0.9690976142883301,497.0,
656,train,cross_entropy,0.9224865436553955,0.19478702545166016,0.8052129745483398,573.0,
657,train,cross_entropy,0.9224865436553955,0.12440729141235352,0.8755927085876465,784.0,
658,train,cross_entropy,0.9224865436553955,0.048090338706970215,0.9519096612930298,22.0,
659,train,cross_entropy,0.9224865436553955,0.06147909164428711,0.9385209083557129,74.0,
660,train,cross_entropy,0.9224865436553955,0.09353452920913696,0.906465470790863,201.0,
661,train,cross_entropy,0.9224865436553955,0.08742165565490723,0.9125783443450928,231.0,
662,train,cross_entropy,0.9224865436553955,0.23443275690078735,0.7655672430992126,487.0,
663,train,cross_entropy,0.9224865436553955,0.1800614595413208,0.8199385404586792,556.0,
664,train,cross_entropy,0.9561209678649902,0.49772340059280396,0.502276599407196,587.0,
665,train,cross_entropy,0.9561209678649902,0.08855056762695312,0.9114494323730469,753.0,
666,train,cross_entropy,0.9561209678649902,0.11067676544189453,0.8893232345581055,761.0,
667,train,cross_entropy,0.9561209678649902,0.07613551616668701,0.923864483833313,795.0,
668,train,cross_entropy,0.9561209678649902,0.19361549615859985,0.8063845038414001,84.0,
669,train,cross_entropy,0.9561209678649902,0.10466742515563965,0.8953325748443604,207.0,
670,train,cross_entropy,0.9561209678649902,0.20399200916290283,0.7960079908370972,262.0,
671,train,cross_entropy,0.9561209678649902,0.05183219909667969,0.9481678009033203,366.0,
672,train,cross_entropy,0.802704930305481,0.082588791847229,0.917411208152771,436.0,
673,train,cross_entropy,0.802704930305481,0.07557201385498047,0.9244279861450195,517.0,
674,train,cross_entropy,0.802704930305481,0.12661606073379517,0.8733839392662048,530.0,
675,train,cross_entropy,0.802704930305481,0.13354915380477905,0.866450846195221,536.0,
676,train,cross_entropy,0.802704930305481,0.09155398607254028,0.9084460139274597,762.0,
677,train,cross_entropy,0.802704930305481,0.08730268478393555,0.9126973152160645,410.0,
678,train,cross_entropy,0.802704930305481,0.08519631624221802,0.914803683757782,479.0,
679,train,cross_entropy,0.802704930305481,0.07947313785552979,0.9205268621444702,673.0,
680,train,cross_entropy,0.9056704044342041,0.08498013019561768,0.9150198698043823,406.0,
681,train,cross_entropy,0.9056704044342041,0.06982636451721191,0.9301736354827881,438.0,
682,train,cross_entropy,0.9056704044342041,0.04342758655548096,0.956572413444519,464.0,
683,train,cross_entropy,0.9056704044342041,0.05059480667114258,0.9494051933288574,558.0,
684,train,cross_entropy,0.9056704044342041,0.06352764368057251,0.9364723563194275,570.0,
685,train,cross_entropy,0.9056704044342041,0.0582195520401001,0.9417804479598999,194.0,
686,train,cross_entropy,0.9056704044342041,0.09255379438400269,0.9074462056159973,398.0,
687,train,cross_entropy,0.9056704044342041,0.12230885028839111,0.8776911497116089,623.0,
688,train,cross_entropy,0.8667036294937134,0.11744743585586548,0.8825525641441345,701.0,
689,train,cross_entropy,0.8667036294937134,0.09568262100219727,0.9043173789978027,165.0,
690,train,cross_entropy,0.8667036294937134,0.11402511596679688,0.8859748840332031,423.0,
691,train,cross_entropy,0.8667036294937134,0.03723257780075073,0.9627674221992493,34.0,
692,train,cross_entropy,0.8667036294937134,0.03932875394821167,0.9606712460517883,94.0,
693,train,cross_entropy,0.8667036294937134,0.13630205392837524,0.8636979460716248,282.0,
694,train,cross_entropy,0.8667036294937134,0.14410412311553955,0.8558958768844604,346.0,
695,train,cross_entropy,0.8667036294937134,0.17944592237472534,0.8205540776252747,599.0,
696,train,cross_entropy,0.8954840898513794,0.08589577674865723,0.9141042232513428,685.0,
697,train,cross_entropy,0.8954840898513794,0.1464441418647766,0.8535558581352234,37.0,
698,train,cross_entropy,0.8954840898513794,0.24552547931671143,0.7544745206832886,224.0,
699,train,cross_entropy,0.8954840898513794,0.060075998306274414,0.9399240016937256,300.0,
700,train,cross_entropy,0.8954840898513794,0.07892590761184692,0.9210740923881531,329.0,
701,train,cross_entropy,0.8954840898513794,0.11430633068084717,0.8856936693191528,414.0,
702,train,cross_entropy,0.8954840898513794,0.2901575565338135,0.7098424434661865,532.0,
703,train,cross_entropy,0.8954840898513794,0.06411665678024292,0.9358833432197571,567.0,
704,train,cross_entropy,0.8423913717269897,0.08011656999588013,0.9198834300041199,593.0,
705,train,cross_entropy,0.8423913717269897,0.07513314485549927,0.9248668551445007,611.0,
706,train,cross_entropy,0.8423913717269897,0.11937189102172852,0.8806281089782715,729.0,
707,train,cross_entropy,0.8423913717269897,0.061959147453308105,0.9380408525466919,28.0,
708,train,cross_entropy,0.8423913717269897,0.20713657140731812,0.7928634285926819,97.0,
709,train,cross_entropy,0.8423913717269897,0.06232476234436035,0.9376752376556396,256.0,
710,train,cross_entropy,0.8423913717269897,0.0533328652381897,0.9466671347618103,294.0,
711,train,cross_entropy,0.8423913717269897,0.1430453062057495,0.8569546937942505,345.0,
712,train,cross_entropy,0.7525253295898438,0.3587591052055359,0.6412408947944641,412.0,
713,train,cross_entropy,0.7525253295898438,0.045808613300323486,0.9541913866996765,437.0,
714,train,cross_entropy,0.7525253295898438,0.050514280796051025,0.949485719203949,610.0,
715,train,cross_entropy,0.7525253295898438,0.11633294820785522,0.8836670517921448,739.0,
716,train,cross_entropy,0.7525253295898438,0.055793583393096924,0.9442064166069031,311.0,
717,train,cross_entropy,0.7525253295898438,0.09095484018325806,0.9090451598167419,383.0,
718,train,cross_entropy,0.7525253295898438,0.07825779914855957,0.9217422008514404,477.0,
719,train,cross_entropy,0.7525253295898438,0.13823944330215454,0.8617605566978455,510.0,
720,train,cross_entropy,0.8573367595672607,0.05361980199813843,0.9463801980018616,734.0,
721,train,cross_entropy,0.8573367595672607,0.06806302070617676,0.9319369792938232,16.0,
722,train,cross_entropy,0.8573367595672607,0.07164901494979858,0.9283509850502014,146.0,
723,train,cross_entropy,0.8573367595672607,0.08862429857254028,0.9113757014274597,202.0,
724,train,cross_entropy,0.8573367595672607,0.11302876472473145,0.8869712352752686,210.0,
725,train,cross_entropy,0.8573367595672607,0.031817734241485596,0.9681822657585144,238.0,
726,train,cross_entropy,0.8573367595672607,0.17087560892105103,0.829124391078949,303.0,
727,train,cross_entropy,0.8573367595672607,0.05070143938064575,0.9492985606193542,347.0,
728,train,cross_entropy,0.8601903915405273,0.09457427263259888,0.9054257273674011,400.0,
729,train,cross_entropy,0.8601903915405273,0.06165951490402222,0.9383404850959778,413.0,
730,train,cross_entropy,0.8601903915405273,0.052270591259002686,0.9477294087409973,442.0,
731,train,cross_entropy,0.8601903915405273,0.08570456504821777,0.9142954349517822,454.0,
732,train,cross_entropy,0.8601903915405273,0.3930768370628357,0.6069231629371643,470.0,
733,train,cross_entropy,0.8601903915405273,0.1518135666847229,0.8481864333152771,555.0,
734,train,cross_entropy,0.8601903915405273,0.04683947563171387,0.9531605243682861,608.0,
735,train,cross_entropy,0.8601903915405273,0.08661544322967529,0.9133845567703247,465.0,
736,train,cross_entropy,0.8528984785079956,0.22529810667037964,0.7747018933296204,11.0,
737,train,cross_entropy,0.8528984785079956,0.19760042428970337,0.8023995757102966,122.0,
738,train,cross_entropy,0.8528984785079956,0.10155695676803589,0.8984430432319641,176.0,
739,train,cross_entropy,0.8528984785079956,0.14990806579589844,0.8500919342041016,551.0,
740,train,cross_entropy,0.8528984785079956,0.07283592224121094,0.9271640777587891,658.0,
741,train,cross_entropy,0.8528984785079956,0.06881797313690186,0.9311820268630981,742.0,
742,train,cross_entropy,0.8528984785079956,0.04545098543167114,0.9545490145683289,75.0,
743,train,cross_entropy,0.8528984785079956,0.14948654174804688,0.8505134582519531,115.0,
744,train,cross_entropy,0.7866971492767334,0.10955142974853516,0.8904485702514648,138.0,
745,train,cross_entropy,0.7866971492767334,0.08041560649871826,0.9195843935012817,186.0,
746,train,cross_entropy,0.7866971492767334,0.032850801944732666,0.9671491980552673,266.0,
747,train,cross_entropy,0.7866971492767334,0.05600595474243164,0.9439940452575684,322.0,
748,train,cross_entropy,0.7866971492767334,0.09579139947891235,0.9042086005210876,491.0,
749,train,cross_entropy,0.7866971492767334,0.08236384391784668,0.9176361560821533,527.0,
750,train,cross_entropy,0.7866971492767334,0.0552363395690918,0.9447636604309082,661.0,
751,train,cross_entropy,0.7866971492767334,0.07997947931289673,0.9200205206871033,697.0,
752,train,cross_entropy,0.7023791074752808,0.05255305767059326,0.9474469423294067,757.0,
753,train,cross_entropy,0.7023791074752808,0.03931713104248047,0.9606828689575195,776.0,
754,train,cross_entropy,0.7023791074752808,0.1591598391532898,0.8408401608467102,159.0,
755,train,cross_entropy,0.7023791074752808,0.047891438007354736,0.9521085619926453,184.0,
756,train,cross_entropy,0.7023791074752808,0.07486379146575928,0.9251362085342407,229.0,
757,train,cross_entropy,0.7023791074752808,0.14170926809310913,0.8582907319068909,251.0,
758,train,cross_entropy,0.7023791074752808,0.14806705713272095,0.851932942867279,284.0,
759,train,cross_entropy,0.7023791074752808,0.05362510681152344,0.9463748931884766,326.0,
760,train,cross_entropy,0.8597830533981323,0.06766819953918457,0.9323318004608154,678.0,
761,train,cross_entropy,0.8597830533981323,0.07970249652862549,0.9202975034713745,259.0,
762,train,cross_entropy,0.8597830533981323,0.04539644718170166,0.9546035528182983,308.0,
763,train,cross_entropy,0.8597830533981323,0.08031308650970459,0.9196869134902954,523.0,
764,train,cross_entropy,0.8597830533981323,0.05582696199417114,0.9441730380058289,534.0,
765,train,cross_entropy,0.8597830533981323,0.05799579620361328,0.9420042037963867,709.0,
766,train,cross_entropy,0.8597830533981323,0.15903079509735107,0.8409692049026489,174.0,
767,train,cross_entropy,0.8597830533981323,0.09509903192520142,0.9049009680747986,381.0,
768,train,cross_entropy,0.8864591121673584,0.37633490562438965,0.6236650943756104,506.0,
769,train,cross_entropy,0.8864591121673584,0.12654787302017212,0.8734521269798279,544.0,
770,train,cross_entropy,0.8864591121673584,0.11414408683776855,0.8858559131622314,645.0,
771,train,cross_entropy,0.8864591121673584,0.1391887664794922,0.8608112335205078,653.0,
772,train,cross_entropy,0.8864591121673584,0.05891752243041992,0.9410824775695801,656.0,
773,train,cross_entropy,0.8864591121673584,0.08446532487869263,0.9155346751213074,714.0,
774,train,cross_entropy,0.8864591121673584,0.07937288284301758,0.9206271171569824,732.0,
775,train,cross_entropy,0.8864591121673584,0.31808412075042725,0.6819158792495728,773.0,
776,train,cross_entropy,0.8533320426940918,1.0,0.0,787.0,
777,train,cross_entropy,0.8533320426940918,0.07044059038162231,0.9295594096183777,119.0,
778,train,cross_entropy,0.8533320426940918,0.04164153337478638,0.9583584666252136,158.0,
779,train,cross_entropy,0.8533320426940918,0.273881196975708,0.726118803024292,466.0,
780,train,cross_entropy,0.8533320426940918,0.035205960273742676,0.9647940397262573,707.0,
781,train,cross_entropy,0.8533320426940918,0.08490175008773804,0.915098249912262,733.0,
782,train,cross_entropy,0.8533320426940918,0.06822341680526733,0.9317765831947327,737.0,
783,train,cross_entropy,0.8533320426940918,0.0804218053817749,0.9195781946182251,15.0,
784,train,cross_entropy,0.8938777446746826,0.0388147234916687,0.9611852765083313,57.0,
785,train,cross_entropy,0.8938777446746826,0.07022225856781006,0.9297777414321899,245.0,
786,train,cross_entropy,0.8938777446746826,0.04384565353393555,0.9561543464660645,467.0,
787,train,cross_entropy,0.8938777446746826,0.08625811338424683,0.9137418866157532,92.0,
788,train,cross_entropy,0.8938777446746826,0.40959250926971436,0.5904074907302856,192.0,
789,train,cross_entropy,0.8938777446746826,0.10631132125854492,0.8936886787414551,225.0,
790,train,cross_entropy,0.8938777446746826,0.10910969972610474,0.8908903002738953,350.0,
791,train,cross_entropy,0.8938777446746826,0.14933794736862183,0.8506620526313782,417.0,
792,train,cross_entropy,0.873907208442688,0.0743781328201294,0.9256218671798706,474.0,
793,train,cross_entropy,0.873907208442688,0.07350426912307739,0.9264957308769226,538.0,
794,train,cross_entropy,0.873907208442688,0.09187400341033936,0.9081259965896606,547.0,
795,train,cross_entropy,0.873907208442688,0.0828360915184021,0.9171639084815979,581.0,
796,train,cross_entropy,0.873907208442688,0.2101672887802124,0.7898327112197876,638.0,
797,train,cross_entropy,0.873907208442688,0.12615644931793213,0.8738435506820679,715.0,
798,train,cross_entropy,0.873907208442688,0.10773235559463501,0.892267644405365,743.0,
799,train,cross_entropy,0.873907208442688,0.077572762966156,0.922427237033844,771.0,
800,ind_val,cross_entropy,0.018648018648018645,0.23130130767822266,0.7686986923217773,47.875,
801,ind_val,cross_entropy,0.018648018648018645,0.09367382526397705,0.906326174736023,48.25,
802,ind_val,cross_entropy,0.2826728826728826,0.13002687692642212,0.8699731230735779,39.625,
803,ind_val,cross_entropy,0.018648018648018645,0.2959960699081421,0.7040039300918579,55.25,
804,ind_val,cross_entropy,0.2826728826728826,0.1492413878440857,0.8507586121559143,66.75,
805,ind_val,cross_entropy,0.08702408702408701,0.12645190954208374,0.8735480904579163,34.0,
806,ind_val,cross_entropy,0.08702408702408701,0.1355581283569336,0.8644418716430664,66.25,
807,ind_val,cross_entropy,0.018648018648018645,0.12784630060195923,0.8721536993980408,37.625,
808,ind_val,cross_entropy,0.08702408702408701,0.07638382911682129,0.9236161708831787,60.125,
809,ind_val,cross_entropy,0.018648018648018645,0.1333276629447937,0.8666723370552063,29.5,
810,ind_val,cross_entropy,0.018648018648018645,0.30053746700286865,0.6994625329971313,36.0,
811,ind_val,cross_entropy,0.00015540015540015537,0.08769428730010986,0.9123057126998901,48.75,
812,ind_test,cross_entropy,0.08702408702408701,0.09256595373153687,0.9074340462684631,56.0,
813,ind_test,cross_entropy,0.002486402486402486,0.11972534656524658,0.8802746534347534,64.625,
814,ind_test,cross_entropy,0.08702408702408701,0.2549729347229004,0.7450270652770996,54.875,
815,ind_test,cross_entropy,0.002486402486402486,0.12024706602096558,0.8797529339790344,48.875,
816,ind_test,cross_entropy,0.00015540015540015537,0.232863187789917,0.767136812210083,71.125,
817,ind_test,cross_entropy,0.08702408702408701,0.1363300085067749,0.8636699914932251,51.875,
818,ind_test,cross_entropy,0.08702408702408701,0.13729852437973022,0.8627014756202698,26.0,
819,ind_test,cross_entropy,0.00015540015540015537,0.15937215089797974,0.8406278491020203,49.125,
820,ind_test,cross_entropy,0.08702408702408701,0.2137240171432495,0.7862759828567505,23.75,
821,ind_test,cross_entropy,0.2826728826728826,0.07149028778076172,0.9285097122192383,36.875,
822,ind_test,cross_entropy,0.00015540015540015537,0.12284183502197266,0.8771581649780273,41.625,
823,ind_test,cross_entropy,0.2826728826728826,0.19306272268295288,0.8069372773170471,45.25,
824,EtisLaribDB,cross_entropy,0.00015540015540015537,0.39958906173706055,0.6004109382629395,107.5,
825,EtisLaribDB,cross_entropy,0.00015540015540015537,0.9878935217857361,0.012106478214263916,105.5,
826,EtisLaribDB,cross_entropy,0.00015540015540015537,0.5361480712890625,0.4638519287109375,143.25,
827,EtisLaribDB,cross_entropy,0.00015540015540015537,0.8495770692825317,0.15042293071746826,50.5,
828,EtisLaribDB,cross_entropy,0.002486402486402486,0.782619833946228,0.21738016605377197,54.75,
829,EtisLaribDB,cross_entropy,0.002486402486402486,0.6257408857345581,0.3742591142654419,117.5,
830,EtisLaribDB,cross_entropy,0.00015540015540015537,0.7519517540931702,0.24804824590682983,78.125,
831,EtisLaribDB,cross_entropy,0.00015540015540015537,0.43257516622543335,0.5674248337745667,121.125,
832,EtisLaribDB,cross_entropy,0.002486402486402486,0.08720451593399048,0.9127954840660095,124.25,
833,EtisLaribDB,cross_entropy,0.00015540015540015537,0.17090409994125366,0.8290959000587463,149.375,
834,EtisLaribDB,cross_entropy,0.00015540015540015537,0.7553974986076355,0.2446025013923645,89.5,
835,EtisLaribDB,cross_entropy,0.00015540015540015537,1.0,0.0,26.625,
836,EtisLaribDB,cross_entropy,0.00015540015540015537,0.9777495265007019,0.022250473499298096,29.75,
837,EtisLaribDB,cross_entropy,0.00015540015540015537,1.0,0.0,31.5,
838,EtisLaribDB,cross_entropy,0.00015540015540015537,0.6257623434066772,0.37423765659332275,120.125,
839,EtisLaribDB,cross_entropy,0.00015540015540015537,0.9999769926071167,2.300739288330078e-05,28.5,
840,EtisLaribDB,cross_entropy,0.00015540015540015537,0.6231306791305542,0.3768693208694458,102.5,
841,EtisLaribDB,cross_entropy,0.00015540015540015537,0.8472843170166016,0.15271568298339844,78.0,
842,EtisLaribDB,cross_entropy,0.00015540015540015537,0.6074790358543396,0.3925209641456604,128.375,
843,EtisLaribDB,cross_entropy,0.00015540015540015537,0.23532283306121826,0.7646771669387817,104.125,
844,EtisLaribDB,cross_entropy,0.00015540015540015537,0.10750371217727661,0.8924962878227234,111.375,
845,EtisLaribDB,cross_entropy,0.00015540015540015537,0.4340401887893677,0.5659598112106323,100.875,
846,EtisLaribDB,cross_entropy,0.002486402486402486,0.7091115117073059,0.2908884882926941,155.125,
847,EtisLaribDB,cross_entropy,0.00015540015540015537,0.9175945520401001,0.0824054479598999,133.75,
848,CVC-ClinicDB,cross_entropy,0.00015540015540015537,0.07106351852416992,0.9289364814758301,336.5,
849,CVC-ClinicDB,cross_entropy,0.002486402486402486,0.7214975357055664,0.2785024642944336,365.875,
850,CVC-ClinicDB,cross_entropy,0.08702408702408701,0.7610342502593994,0.23896574974060059,293.5,
851,CVC-ClinicDB,cross_entropy,0.2826728826728826,0.7596449851989746,0.2403550148010254,215.875,
852,CVC-ClinicDB,cross_entropy,0.00015540015540015537,0.23240911960601807,0.7675908803939819,554.0,
853,CVC-ClinicDB,cross_entropy,0.00015540015540015537,0.5302531719207764,0.46974682807922363,522.875,
854,CVC-ClinicDB,cross_entropy,0.002486402486402486,0.4538876414299011,0.5461123585700989,401.0,
855,CVC-ClinicDB,cross_entropy,0.00015540015540015537,0.4617730379104614,0.5382269620895386,297.5,
856,CVC-ClinicDB,cross_entropy,0.00015540015540015537,0.49553561210632324,0.5044643878936768,203.125,
857,CVC-ClinicDB,cross_entropy,0.00015540015540015537,0.7821486592292786,0.21785134077072144,210.5,
858,CVC-ClinicDB,cross_entropy,0.018648018648018645,0.1702706217765808,0.8297293782234192,193.75,
859,CVC-ClinicDB,cross_entropy,0.00015540015540015537,0.2248554229736328,0.7751445770263672,95.375,
860,CVC-ClinicDB,cross_entropy,0.00015540015540015537,0.4472479224205017,0.5527520775794983,91.125,
861,CVC-ClinicDB,cross_entropy,0.00015540015540015537,0.3052878975868225,0.6947121024131775,37.5,
862,CVC-ClinicDB,cross_entropy,0.00015540015540015537,0.37247902154922485,0.6275209784507751,248.375,
863,CVC-ClinicDB,cross_entropy,0.00015540015540015537,0.2958809733390808,0.7041190266609192,442.625,
864,CVC-ClinicDB,cross_entropy,0.00015540015540015537,0.2952263355255127,0.7047736644744873,451.375,
865,CVC-ClinicDB,cross_entropy,0.002486402486402486,0.5722755193710327,0.4277244806289673,335.75,
866,CVC-ClinicDB,cross_entropy,0.00015540015540015537,0.07489204406738281,0.9251079559326172,398.25,
867,CVC-ClinicDB,cross_entropy,0.018648018648018645,0.556573748588562,0.443426251411438,153.5,
868,CVC-ClinicDB,cross_entropy,0.002486402486402486,0.5014162063598633,0.4985837936401367,23.75,
869,CVC-ClinicDB,cross_entropy,0.00015540015540015537,0.05266827344894409,0.9473317265510559,148.0,
870,CVC-ClinicDB,cross_entropy,0.00015540015540015537,0.41602951288223267,0.5839704871177673,283.25,
871,CVC-ClinicDB,cross_entropy,0.00015540015540015537,0.11249464750289917,0.8875053524971008,437.375,
872,CVC-ClinicDB,cross_entropy,0.00015540015540015537,0.31552785634994507,0.6844721436500549,271.625,
873,CVC-ClinicDB,cross_entropy,0.2826728826728826,0.09488797187805176,0.9051120281219482,316.875,
874,CVC-ClinicDB,cross_entropy,0.00015540015540015537,0.3985675573348999,0.6014324426651001,141.25,
875,CVC-ClinicDB,cross_entropy,0.00015540015540015537,0.12958109378814697,0.870418906211853,187.0,
876,CVC-ClinicDB,cross_entropy,0.00015540015540015537,0.14546483755111694,0.8545351624488831,259.0,
877,CVC-ClinicDB,cross_entropy,0.00015540015540015537,0.36453354358673096,0.635466456413269,346.0,
878,CVC-ClinicDB,cross_entropy,0.002486402486402486,0.28232622146606445,0.7176737785339355,472.5,
879,CVC-ClinicDB,cross_entropy,0.002486402486402486,0.3940872550010681,0.6059127449989319,515.5,
880,CVC-ClinicDB,cross_entropy,0.00015540015540015537,0.36039429903030396,0.639605700969696,460.5,
881,CVC-ClinicDB,cross_entropy,0.2826728826728826,0.12962758541107178,0.8703724145889282,389.0,
882,CVC-ClinicDB,cross_entropy,0.00015540015540015537,0.19770097732543945,0.8022990226745605,158.625,
883,CVC-ClinicDB,cross_entropy,0.00015540015540015537,0.09544050693511963,0.9045594930648804,220.5,
884,CVC-ClinicDB,cross_entropy,0.00015540015540015537,0.0886569619178772,0.9113430380821228,347.25,
885,CVC-ClinicDB,cross_entropy,0.00015540015540015537,0.5560893416404724,0.4439106583595276,248.75,
886,CVC-ClinicDB,cross_entropy,0.08702408702408701,0.7827664613723755,0.2172335386276245,497.5,
887,CVC-ClinicDB,cross_entropy,0.00015540015540015537,0.5944277048110962,0.4055722951889038,237.75,
888,CVC-ClinicDB,cross_entropy,0.00015540015540015537,0.5994052886962891,0.40059471130371094,375.125,
889,CVC-ClinicDB,cross_entropy,0.00015540015540015537,0.11883312463760376,0.8811668753623962,599.5,
890,CVC-ClinicDB,cross_entropy,0.2826728826728826,0.300559401512146,0.699440598487854,271.75,
891,CVC-ClinicDB,cross_entropy,0.002486402486402486,0.5321012139320374,0.46789878606796265,353.0,
892,CVC-ClinicDB,cross_entropy,0.018648018648018645,0.16992956399917603,0.830070436000824,386.25,
893,CVC-ClinicDB,cross_entropy,0.08702408702408701,0.5117932558059692,0.48820674419403076,420.0,
894,CVC-ClinicDB,cross_entropy,0.2826728826728826,0.5780327320098877,0.4219672679901123,331.0,
895,CVC-ClinicDB,cross_entropy,0.002486402486402486,0.7114523649215698,0.2885476350784302,155.0,
896,CVC-ClinicDB,cross_entropy,0.002486402486402486,0.5833786725997925,0.4166213274002075,38.375,
897,CVC-ClinicDB,cross_entropy,0.00015540015540015537,0.09081703424453735,0.9091829657554626,431.625,
898,CVC-ClinicDB,cross_entropy,0.2826728826728826,0.5352722406387329,0.4647277593612671,209.75,
899,CVC-ClinicDB,cross_entropy,0.08702408702408701,0.7001180648803711,0.2998819351196289,325.125,
900,CVC-ClinicDB,cross_entropy,0.00015540015540015537,0.07624697685241699,0.923753023147583,352.0,
901,CVC-ClinicDB,cross_entropy,0.00015540015540015537,0.5748531818389893,0.42514681816101074,316.75,
902,CVC-ClinicDB,cross_entropy,0.00015540015540015537,0.565754234790802,0.434245765209198,269.0,
903,CVC-ClinicDB,cross_entropy,0.018648018648018645,0.055225253105163574,0.9447747468948364,120.75,
904,CVC-ClinicDB,cross_entropy,0.00015540015540015537,0.08705228567123413,0.9129477143287659,140.875,
905,CVC-ClinicDB,cross_entropy,0.00015540015540015537,0.16922354698181152,0.8307764530181885,115.25,
906,CVC-ClinicDB,cross_entropy,0.00015540015540015537,0.09730041027069092,0.9026995897293091,491.625,
907,CVC-ClinicDB,cross_entropy,0.018648018648018645,0.07294517755508423,0.9270548224449158,346.0,
908,CVC-ClinicDB,cross_entropy,0.00015540015540015537,0.4115707278251648,0.5884292721748352,282.375,
909,CVC-ClinicDB,cross_entropy,0.002486402486402486,0.18803441524505615,0.8119655847549438,402.5,
910,CVC-ClinicDB,cross_entropy,0.00015540015540015537,0.2938016653060913,0.7061983346939087,490.75,
911,CVC-ClinicDB,cross_entropy,0.00015540015540015537,0.2465054988861084,0.7534945011138916,340.0,
912,CVC-ClinicDB,cross_entropy,0.00015540015540015537,0.2724020481109619,0.7275979518890381,366.75,
913,CVC-ClinicDB,cross_entropy,0.08702408702408701,0.40116381645202637,0.5988361835479736,262.75,
914,CVC-ClinicDB,cross_entropy,0.00015540015540015537,0.3663998246192932,0.6336001753807068,256.0,
915,CVC-ClinicDB,cross_entropy,0.002486402486402486,0.3307325839996338,0.6692674160003662,309.125,
916,CVC-ClinicDB,cross_entropy,0.00015540015540015537,0.21106332540512085,0.7889366745948792,229.5,
917,CVC-ClinicDB,cross_entropy,0.08702408702408701,0.23461002111434937,0.7653899788856506,304.875,
918,CVC-ClinicDB,cross_entropy,0.018648018648018645,0.1403626799583435,0.8596373200416565,139.625,
919,CVC-ClinicDB,cross_entropy,0.00015540015540015537,0.33524835109710693,0.6647516489028931,159.25,
920,CVC-ClinicDB,cross_entropy,0.08702408702408701,0.19980448484420776,0.8001955151557922,305.75,
921,CVC-ClinicDB,cross_entropy,0.00015540015540015537,0.5191028118133545,0.4808971881866455,282.125,
922,CVC-ClinicDB,cross_entropy,0.00015540015540015537,0.49458420276641846,0.5054157972335815,491.75,
923,CVC-ClinicDB,cross_entropy,0.018648018648018645,0.8386068344116211,0.1613931655883789,583.75,
924,EndoCV2020,cross_entropy,0.00015540015540015537,0.42805492877960205,0.571945071220398,36.875,
925,EndoCV2020,cross_entropy,0.08702408702408701,0.08280086517333984,0.9171991348266602,54.25,
926,EndoCV2020,cross_entropy,0.2826728826728826,0.2069624662399292,0.7930375337600708,35.375,
927,EndoCV2020,cross_entropy,0.08702408702408701,0.31647729873657227,0.6835227012634277,53.875,
928,EndoCV2020,cross_entropy,0.018648018648018645,0.4354075789451599,0.5645924210548401,41.5,
929,EndoCV2020,cross_entropy,0.018648018648018645,0.18346136808395386,0.8165386319160461,37.625,
930,EndoCV2020,cross_entropy,0.002486402486402486,0.17016196250915527,0.8298380374908447,34.75,
931,EndoCV2020,cross_entropy,0.00015540015540015537,0.11810094118118286,0.8818990588188171,69.0,
932,EndoCV2020,cross_entropy,0.08702408702408701,0.6391240358352661,0.3608759641647339,49.375,
933,EndoCV2020,cross_entropy,0.2826728826728826,0.16378051042556763,0.8362194895744324,48.75,
934,EndoCV2020,cross_entropy,0.002486402486402486,0.5122833847999573,0.4877166152000427,66.5,
935,EndoCV2020,cross_entropy,0.00015540015540015537,0.5992985367774963,0.40070146322250366,42.125,
936,EndoCV2020,cross_entropy,0.0,0.0,0.0,0.0,
937,EndoCV2020,cross_entropy,0.0,0.0,0.0,0.0,
938,EndoCV2020,cross_entropy,0.0,0.0,0.0,0.0,
