,Tree,t,Risk Estimate,True Risk,E[f(x)=y],Accuracy,ood_pred,is_ood,Estimated Rate,ind_acc,ood_val_acc,ood_test_acc,Rate Error,Accuracy Error,dsd,ba,tpr,tnr,rate,test_set,val_set
0,Base Tree,350.5,641.1,635.0,0.9990000000000001,1.0,0.0,0.0,0.0,0.9990000000000001,0.064,0.064,0.0,0.0009999999999998899,energy,1.0,1.0,1.0,0.0,Art,Art
1,Detector Tree,350.5,641.1,635.0,0.9990000000000001,1.0,0.0,0.0,0.0,0.9990000000000001,0.064,0.064,0.0,0.0009999999999998899,energy,1.0,1.0,1.0,0.0,Art,Art
0,Base Tree,350.5,1216.0428184210527,1282.609022556391,0.9047470789473684,0.8938345864661654,0.1112781954887218,0.1112781954887218,0.10080526315789473,0.9990000000000001,0.064,0.064,0.03827994987468672,0.027326805764411023,energy,1.0,1.0,1.0,0.1,Art,Art
1,Detector Tree,350.5,771.53193,779.5834586466165,0.9043438578947368,0.8938345864661654,0.1112781954887218,0.1112781954887218,0.10080526315789473,0.9990000000000001,0.064,0.064,0.03827994987468672,0.027244893984962403,energy,1.0,1.0,1.0,0.1,Art,Art
0,Base Tree,350.5,1730.0482421052632,1797.8220551378447,0.8204838947368421,0.8093734335839599,0.19766917293233083,0.19766917293233083,0.19092631578947367,0.9990000000000001,0.064,0.064,0.03364661654135338,0.034740130325814536,energy,1.0,1.0,1.0,0.2,Art,Art
1,Detector Tree,350.5,888.13956,891.7290476190476,0.8197201894736843,0.8093734335839599,0.19766917293233083,0.19766917293233083,0.19092631578947367,0.9990000000000001,0.064,0.064,0.03364661654135338,0.03459965062656641,energy,1.0,1.0,1.0,0.2,Art,Art
0,Base Tree,350.5,2251.9971117794485,2358.74686716792,0.7349185062656641,0.7174185463659147,0.2938345864661654,0.2938345864661654,0.2824401002506266,0.9990000000000001,0.064,0.064,0.037671679197994995,0.04240544360902255,energy,1.0,1.0,1.0,0.30000000000000004,Art,Art
1,Detector Tree,350.5,1006.5492457142857,1016.6661152882205,0.7337887458646617,0.7174185463659147,0.2938345864661654,0.2938345864661654,0.2824401002506266,0.9990000000000001,0.064,0.064,0.037671679197994995,0.04215285463659148,energy,1.0,1.0,1.0,0.30000000000000004,Art,Art
0,Base Tree,350.5,2924.539823182957,2998.1002506265663,0.6246656027568922,0.6126065162907268,0.4129573934837093,0.4129573934837093,0.40035764411027563,0.9990000000000001,0.064,0.064,0.03282330827067668,0.03925309398496242,energy,1.0,1.0,1.0,0.4,Art,Art
1,Detector Tree,350.5,1159.1227557142856,1171.8839348370927,0.6230641721804512,0.6126065162907268,0.4129573934837093,0.4129573934837093,0.40035764411027563,0.9990000000000001,0.064,0.064,0.03282330827067668,0.039043118045112776,energy,1.0,1.0,1.0,0.4,Art,Art
0,Base Tree,350.5,3435.18032481203,3448.3383458646617,0.540954045112782,0.5387969924812029,0.4967919799498747,0.4967919799498747,0.48988872180451126,0.9990000000000001,0.064,0.064,0.027746365914786977,0.03745722305764411,energy,1.0,1.0,1.0,0.5,Art,Art
1,Detector Tree,350.5,1274.967017142857,1281.1186466165414,0.5389944902255639,0.5387969924812029,0.4967919799498747,0.4967919799498747,0.48988872180451126,0.9990000000000001,0.064,0.064,0.027746365914786977,0.037488046115288214,energy,1.0,1.0,1.0,0.5,Art,Art
0,Base Tree,350.5,4061.1601768170426,3997.4912280701756,0.43833439724310774,0.44877192982456143,0.5870426065162907,0.5870426065162907,0.5996423558897243,0.9990000000000001,0.064,0.064,0.032823308270676727,0.03333213909774436,energy,1.0,1.0,1.0,0.6000000000000001,Art,Art
1,Detector Tree,350.5,1416.9772442857143,1398.1849874686718,0.43593582781954887,0.44877192982456143,0.5870426065162907,0.5870426065162907,0.5996423558897243,0.9990000000000001,0.064,0.064,0.032823308270676727,0.033700545614035085,energy,1.0,1.0,1.0,0.6000000000000001,Art,Art
0,Base Tree,350.5,4733.702888220551,4636.8446115288225,0.3280814937343358,0.34395989974937347,0.7061654135338346,0.7061654135338346,0.7175598997493734,0.9990000000000001,0.064,0.064,0.03767167919799498,0.03485185714285714,energy,1.0,1.0,1.0,0.7000000000000001,Art,Art
1,Detector Tree,350.5,1569.5507542857142,1553.4028070175439,0.32521125413533836,0.34395989974937347,0.7061654135338346,0.7061654135338346,0.7175598997493734,0.9990000000000001,0.064,0.064,0.03767167919799498,0.0354448015037594,energy,1.0,1.0,1.0,0.7000000000000001,Art,Art
0,Base Tree,350.5,5255.651757894736,5197.769423558897,0.2425161052631579,0.2520050125313283,0.8023308270676691,0.8023308270676691,0.8090736842105263,0.9990000000000001,0.064,0.064,0.03364661654135337,0.024498699248120297,energy,1.0,1.0,1.0,0.8,Art,Art
1,Detector Tree,350.5,1687.96044,1678.3398746867167,0.2392798105263158,0.2520050125313283,0.8023308270676691,0.8023308270676691,0.8090736842105263,0.9990000000000001,0.064,0.064,0.03364661654135337,0.025437648120300752,energy,1.0,1.0,1.0,0.8,Art,Art
0,Base Tree,350.5,5769.6571815789475,5712.982456140351,0.1582529210526316,0.1675438596491228,0.8887218045112782,0.8887218045112782,0.8991947368421053,0.9990000000000001,0.064,0.064,0.03827994987468672,0.019258492481203003,energy,1.0,1.0,1.0,0.9,Art,Art
1,Detector Tree,350.5,1804.5680699999998,1790.4854636591479,0.15465614210526318,0.1675438596491228,0.8887218045112782,0.8887218045112782,0.8991947368421053,0.9990000000000001,0.064,0.064,0.03827994987468672,0.02086075012531328,energy,1.0,1.0,1.0,0.9,Art,Art
0,Base Tree,350.5,6344.600000000001,6360.591478696741,0.064,0.06137844611528823,1.0,1.0,1.0,0.9990000000000001,0.064,0.064,0.0,0.020776942355889727,energy,1.0,1.0,1.0,1.0,Art,Art
1,Detector Tree,350.5,1935.0,1935.0689223057643,0.05999999999999999,0.06137844611528823,1.0,1.0,1.0,0.9990000000000001,0.064,0.064,0.0,0.020827067669172934,energy,1.0,1.0,1.0,1.0,Art,Art
0,Base Tree,350.5,641.1,635.0,0.9990000000000001,1.0,0.0,0.0,0.0,0.9990000000000001,0.064,0.014999999999999998,0.0,0.0009999999999998899,energy,1.0,1.0,1.0,0.0,Clipart,Art
1,Detector Tree,350.5,641.1,635.0,0.9990000000000001,1.0,0.0,0.0,0.0,0.9990000000000001,0.064,0.014999999999999998,0.0,0.0009999999999998899,energy,1.0,1.0,1.0,0.0,Clipart,Art
0,Base Tree,350.5,1216.0428184210527,1279.704260651629,0.9047470789473684,0.8943107769423558,0.1112781954887218,0.1112781954887218,0.10080526315789473,0.9990000000000001,0.064,0.014999999999999998,0.03827994987468672,0.019675006265664163,energy,1.0,1.0,1.0,0.1,Clipart,Art
1,Detector Tree,350.5,771.53193,779.607268170426,0.9043438578947368,0.8943107769423558,0.1112781954887218,0.1112781954887218,0.10080526315789473,0.9990000000000001,0.064,0.014999999999999998,0.03827994987468672,0.01958634962406015,energy,1.0,1.0,1.0,0.1,Clipart,Art
0,Base Tree,350.5,1730.0482421052632,1806.689223057644,0.8204838947368421,0.8079197994987469,0.19766917293233083,0.19766917293233083,0.19092631578947367,0.9990000000000001,0.064,0.014999999999999998,0.03364661654135338,0.03278340100250628,energy,1.0,1.0,1.0,0.2,Clipart,Art
1,Detector Tree,350.5,888.13956,891.656365914787,0.8197201894736843,0.8079197994987469,0.19766917293233083,0.19766917293233083,0.19092631578947367,0.9990000000000001,0.064,0.014999999999999998,0.03364661654135338,0.0325611724310777,energy,1.0,1.0,1.0,0.2,Clipart,Art
0,Base Tree,350.5,2251.9971117794485,2377.092731829574,0.7349185062656641,0.7144110275689224,0.2938345864661654,0.2938345864661654,0.2824401002506266,0.9990000000000001,0.064,0.014999999999999998,0.037671679197994995,0.038182428571428555,energy,1.0,1.0,1.0,0.30000000000000004,Clipart,Art
1,Detector Tree,350.5,1006.5492457142857,1016.5157393483709,0.7337887458646617,0.7144110275689224,0.2938345864661654,0.2938345864661654,0.2824401002506266,0.9990000000000001,0.064,0.014999999999999998,0.037671679197994995,0.03777764110275687,energy,1.0,1.0,1.0,0.30000000000000004,Clipart,Art
0,Base Tree,350.5,2924.539823182957,3103.7418546365916,0.6246656027568922,0.5952882205513784,0.4129573934837093,0.4129573934837093,0.40035764411027563,0.9990000000000001,0.064,0.014999999999999998,0.03282330827067668,0.037504993734335856,energy,1.0,1.0,1.0,0.4,Clipart,Art
1,Detector Tree,350.5,1159.1227557142856,1171.0180200501254,0.6230641721804512,0.5952882205513784,0.4129573934837093,0.4129573934837093,0.40035764411027563,0.9990000000000001,0.064,0.014999999999999998,0.03282330827067668,0.03672791754385966,energy,1.0,1.0,1.0,0.4,Clipart,Art
0,Base Tree,350.5,3435.18032481203,3615.1328320802004,0.540954045112782,0.511453634085213,0.4967919799498747,0.4967919799498747,0.48988872180451126,0.9990000000000001,0.064,0.014999999999999998,0.027746365914786977,0.035353646616541355,energy,1.0,1.0,1.0,0.5,Clipart,Art
1,Detector Tree,350.5,1274.967017142857,1279.751478696742,0.5389944902255639,0.511453634085213,0.4967919799498747,0.4967919799498747,0.48988872180451126,0.9990000000000001,0.064,0.014999999999999998,0.027746365914786977,0.03426186616541352,energy,1.0,1.0,1.0,0.5,Clipart,Art
0,Base Tree,350.5,4061.1601768170426,4170.0952380952385,0.43833439724310774,0.4204761904761905,0.5870426065162907,0.5870426065162907,0.5996423558897243,0.9990000000000001,0.064,0.014999999999999998,0.032823308270676727,0.03786040977443609,energy,1.0,1.0,1.0,0.6000000000000001,Clipart,Art
1,Detector Tree,350.5,1416.9772442857143,1396.7702005012534,0.43593582781954887,0.4204761904761905,0.5870426065162907,0.5870426065162907,0.5996423558897243,0.9990000000000001,0.064,0.014999999999999998,0.032823308270676727,0.03752781177944861,energy,1.0,1.0,1.0,0.6000000000000001,Clipart,Art
0,Base Tree,350.5,4733.702888220551,4896.744360902256,0.3280814937343358,0.3013533834586466,0.7061654135338346,0.7061654135338346,0.7175598997493734,0.9990000000000001,0.064,0.014999999999999998,0.03767167919799498,0.04159702756892231,energy,1.0,1.0,1.0,0.7000000000000001,Clipart,Art
1,Detector Tree,350.5,1569.5507542857142,1551.2724812030074,0.32521125413533836,0.3013533834586466,0.7061654135338346,0.7061654135338346,0.7175598997493734,0.9990000000000001,0.064,0.014999999999999998,0.03767167919799498,0.04114197042606517,energy,1.0,1.0,1.0,0.7000000000000001,Clipart,Art
0,Base Tree,350.5,5255.651757894736,5467.147869674185,0.2425161052631579,0.20784461152882208,0.8023308270676691,0.8023308270676691,0.8090736842105263,0.9990000000000001,0.064,0.014999999999999998,0.03364661654135337,0.0414774060150376,energy,1.0,1.0,1.0,0.8,Clipart,Art
1,Detector Tree,350.5,1687.96044,1676.1318546365915,0.2392798105263158,0.20784461152882208,0.8023308270676691,0.8023308270676691,0.8090736842105263,0.9990000000000001,0.064,0.014999999999999998,0.03364661654135337,0.0400428030075188,energy,1.0,1.0,1.0,0.8,Clipart,Art
0,Base Tree,350.5,5769.6571815789475,5994.1328320802,0.1582529210526316,0.12145363408521304,0.8887218045112782,0.8887218045112782,0.8991947368421053,0.9990000000000001,0.064,0.014999999999999998,0.03827994987468672,0.037850031328320814,energy,1.0,1.0,1.0,0.9,Clipart,Art
1,Detector Tree,350.5,1804.5680699999998,1788.1809523809522,0.15465614210526318,0.12145363408521304,0.8887218045112782,0.8887218045112782,0.8991947368421053,0.9990000000000001,0.064,0.014999999999999998,0.03827994987468672,0.03512930651629074,energy,1.0,1.0,1.0,0.9,Clipart,Art
0,Base Tree,350.5,6344.600000000001,6638.837092731829,0.064,0.015764411027568922,1.0,1.0,1.0,0.9990000000000001,0.064,0.014999999999999998,0.0,0.048235588972431076,energy,1.0,1.0,1.0,1.0,Clipart,Art
1,Detector Tree,350.5,1935.0,1932.7882205513783,0.05999999999999999,0.015764411027568922,1.0,1.0,1.0,0.9990000000000001,0.064,0.014999999999999998,0.0,0.04423558897243107,energy,1.0,1.0,1.0,1.0,Clipart,Art
0,Base Tree,350.5,641.1,635.0,0.9990000000000001,1.0,0.0,0.0,0.0,0.9990000000000001,0.064,0.9599999999999999,0.0,0.0009999999999998899,energy,1.0,1.0,1.0,0.0,Product,Art
1,Detector Tree,350.5,641.1,635.0,0.9990000000000001,1.0,0.0,0.0,0.0,0.9990000000000001,0.064,0.9599999999999999,0.0,0.0009999999999998899,energy,1.0,1.0,1.0,0.0,Product,Art
0,Base Tree,350.5,1216.0428184210527,674.5964912280701,0.9047470789473684,0.9935087719298247,0.1112781954887218,0.1112781954887218,0.10080526315789473,0.9990000000000001,0.064,0.9599999999999999,0.03827994987468672,0.08876169298245613,energy,1.0,1.0,1.0,0.1,Product,Art
1,Detector Tree,350.5,771.53193,784.5671679197994,0.9043438578947368,0.9935087719298247,0.1112781954887218,0.1112781954887218,0.10080526315789473,0.9990000000000001,0.064,0.9599999999999999,0.03827994987468672,0.08916491403508772,energy,1.0,1.0,1.0,0.1,Product,Art
0,Base Tree,350.5,1730.0482421052632,695.5413533834586,0.8204838947368421,0.9900751879699249,0.19766917293233083,0.19766917293233083,0.19092631578947367,0.9990000000000001,0.064,0.9599999999999999,0.03364661654135338,0.16959129323308267,energy,1.0,1.0,1.0,0.2,Product,Art
1,Detector Tree,350.5,888.13956,900.7641353383459,0.8197201894736843,0.9900751879699249,0.19766917293233083,0.19766917293233083,0.19092631578947367,0.9990000000000001,0.064,0.9599999999999999,0.03364661654135338,0.17035499849624058,energy,1.0,1.0,1.0,0.2,Product,Art
0,Base Tree,350.5,2251.9971117794485,755.1654135338346,0.7349185062656641,0.9803007518796992,0.2938345864661654,0.2938345864661654,0.2824401002506266,0.9990000000000001,0.064,0.9599999999999999,0.037671679197994995,0.2453822456140351,energy,1.0,1.0,1.0,0.30000000000000004,Product,Art
1,Detector Tree,350.5,1006.5492457142857,1029.8102255639099,0.7337887458646617,0.9803007518796992,0.2938345864661654,0.2938345864661654,0.2824401002506266,0.9990000000000001,0.064,0.9599999999999999,0.037671679197994995,0.2465120060150376,energy,1.0,1.0,1.0,0.30000000000000004,Product,Art
0,Base Tree,350.5,2924.539823182957,805.4636591478696,0.6246656027568922,0.9720551378446114,0.4129573934837093,0.4129573934837093,0.40035764411027563,0.9990000000000001,0.064,0.9599999999999999,0.03282330827067668,0.34738953508771925,energy,1.0,1.0,1.0,0.4,Product,Art
1,Detector Tree,350.5,1159.1227557142856,1189.856365914787,0.6230641721804512,0.9720551378446114,0.4129573934837093,0.4129573934837093,0.40035764411027563,0.9990000000000001,0.064,0.9599999999999999,0.03282330827067668,0.3489909656641604,energy,1.0,1.0,1.0,0.4,Product,Art
0,Base Tree,350.5,3435.18032481203,820.7518796992481,0.540954045112782,0.969548872180451,0.4967919799498747,0.4967919799498747,0.48988872180451126,0.9990000000000001,0.064,0.9599999999999999,0.027746365914786977,0.42859482706766916,energy,1.0,1.0,1.0,0.5,Product,Art
1,Detector Tree,350.5,1274.967017142857,1302.656240601504,0.5389944902255639,0.969548872180451,0.4967919799498747,0.4967919799498747,0.48988872180451126,0.9990000000000001,0.064,0.9599999999999999,0.027746365914786977,0.43055438195488716,energy,1.0,1.0,1.0,0.5,Product,Art
0,Base Tree,350.5,4061.1601768170426,818.6115288220551,0.43833439724310774,0.9698997493734336,0.5870426065162907,0.5870426065162907,0.5996423558897243,0.9990000000000001,0.064,0.9599999999999999,0.032823308270676727,0.5315653521303257,energy,1.0,1.0,1.0,0.6000000000000001,Product,Art
1,Detector Tree,350.5,1416.9772442857143,1424.2413784461155,0.43593582781954887,0.9698997493734336,0.5870426065162907,0.5870426065162907,0.5996423558897243,0.9990000000000001,0.064,0.9599999999999999,0.032823308270676727,0.5339639215538847,energy,1.0,1.0,1.0,0.6000000000000001,Product,Art
0,Base Tree,350.5,4733.702888220551,868.9097744360902,0.3280814937343358,0.9616541353383459,0.7061654135338346,0.7061654135338346,0.7175598997493734,0.9990000000000001,0.064,0.9599999999999999,0.03767167919799498,0.63357264160401,energy,1.0,1.0,1.0,0.7000000000000001,Product,Art
1,Detector Tree,350.5,1569.5507542857142,1584.2875187969923,0.32521125413533836,0.9616541353383459,0.7061654135338346,0.7061654135338346,0.7175598997493734,0.9990000000000001,0.064,0.9599999999999999,0.03767167919799498,0.6364428812030075,energy,1.0,1.0,1.0,0.7000000000000001,Product,Art
0,Base Tree,350.5,5255.651757894736,928.5338345864661,0.2425161052631579,0.9518796992481203,0.8023308270676691,0.8023308270676691,0.8090736842105263,0.9990000000000001,0.064,0.9599999999999999,0.03364661654135337,0.7093635939849624,energy,1.0,1.0,1.0,0.8,Product,Art
1,Detector Tree,350.5,1687.96044,1713.3336090225564,0.2392798105263158,0.9518796992481203,0.8023308270676691,0.8023308270676691,0.8090736842105263,0.9990000000000001,0.064,0.9599999999999999,0.03364661654135337,0.7125998887218045,energy,1.0,1.0,1.0,0.8,Product,Art
0,Base Tree,350.5,5769.6571815789475,949.4786967418546,0.1582529210526316,0.9484461152882205,0.8887218045112782,0.8887218045112782,0.8991947368421053,0.9990000000000001,0.064,0.9599999999999999,0.03827994987468672,0.790193194235589,energy,1.0,1.0,1.0,0.9,Product,Art
1,Detector Tree,350.5,1804.5680699999998,1829.5305764411025,0.15465614210526318,0.9484461152882205,0.8887218045112782,0.8887218045112782,0.8991947368421053,0.9990000000000001,0.064,0.9599999999999999,0.03827994987468672,0.7937899731829574,energy,1.0,1.0,1.0,0.9,Product,Art
0,Base Tree,350.5,6344.600000000001,989.0751879699249,0.064,0.9419548872180451,1.0,1.0,1.0,0.9990000000000001,0.064,0.9599999999999999,0.0,0.877954887218045,energy,1.0,1.0,1.0,1.0,Product,Art
1,Detector Tree,350.5,1935.0,1979.0977443609022,0.05999999999999999,0.9419548872180451,1.0,1.0,1.0,0.9990000000000001,0.064,0.9599999999999999,0.0,0.881954887218045,energy,1.0,1.0,1.0,1.0,Product,Art
0,Base Tree,350.5,641.1,635.0,0.9990000000000001,1.0,0.0,0.0,0.0,0.9990000000000001,0.014999999999999998,0.064,0.0,0.0009999999999998899,energy,1.0,1.0,1.0,0.0,Art,Clipart
1,Detector Tree,350.5,641.1,635.0,0.9990000000000001,1.0,0.0,0.0,0.0,0.9990000000000001,0.014999999999999998,0.064,0.0,0.0009999999999998899,energy,1.0,1.0,1.0,0.0,Art,Clipart
0,Base Tree,350.5,1246.1735115789475,1282.609022556391,0.8998076210526316,0.8938345864661654,0.1112781954887218,0.1112781954887218,0.10080526315789473,0.9990000000000001,0.014999999999999998,0.064,0.03827994987468672,0.02638944360902256,energy,1.0,1.0,1.0,0.1,Art,Clipart
1,Detector Tree,350.5,771.3000778947369,779.5834586466165,0.8997068157894738,0.8938345864661654,0.1112781954887218,0.1112781954887218,0.10080526315789473,0.9990000000000001,0.014999999999999998,0.064,0.03827994987468672,0.02637270050125313,energy,1.0,1.0,1.0,0.1,Art,Clipart
0,Base Tree,350.5,1787.1161178947368,1797.8220551378447,0.8111285052631579,0.8093734335839599,0.19766917293233083,0.19766917293233083,0.19092631578947367,0.9990000000000001,0.014999999999999998,0.064,0.03364661654135338,0.03358364310776942,energy,1.0,1.0,1.0,0.2,Art,Clipart
1,Detector Tree,350.5,887.7004294736843,891.7290476190476,0.8109375789473684,0.8093734335839599,0.19766917293233083,0.19766917293233083,0.19092631578947367,0.9990000000000001,0.014999999999999998,0.064,0.03364661654135338,0.03358356892230577,energy,1.0,1.0,1.0,0.2,Art,Clipart
0,Base Tree,350.5,2336.418457744361,2358.74686716792,0.7210789413533835,0.7174185463659147,0.2938345864661654,0.2938345864661654,0.2824401002506266,0.9990000000000001,0.014999999999999998,0.064,0.037671679197994995,0.04051122606516291,energy,1.0,1.0,1.0,0.30000000000000004,Art,Clipart
1,Detector Tree,350.5,1005.8996334837093,1016.6661152882205,0.7207965012531328,0.7174185463659147,0.2938345864661654,0.2938345864661654,0.2824401002506266,0.9990000000000001,0.014999999999999998,0.064,0.037671679197994995,0.040495005012531324,energy,1.0,1.0,1.0,0.30000000000000004,Art,Clipart
0,Base Tree,350.5,3044.206723007519,2998.1002506265663,0.6050480781954887,0.6126065162907268,0.4129573934837093,0.4129573934837093,0.40035764411027563,0.9990000000000001,0.014999999999999998,0.064,0.03282330827067668,0.038429792481203,energy,1.0,1.0,1.0,0.4,Art,Clipart
1,Detector Tree,350.5,1158.201933132832,1171.8839348370927,0.6046477205513785,0.6126065162907268,0.4129573934837093,0.4129573934837093,0.40035764411027563,0.9990000000000001,0.014999999999999998,0.064,0.03282330827067668,0.03845711654135338,energy,1.0,1.0,1.0,0.4,Art,Clipart
0,Base Tree,350.5,3581.608063759398,3448.3383458646617,0.5169494977443609,0.5387969924812029,0.4967919799498747,0.4967919799498747,0.48988872180451126,0.9990000000000001,0.014999999999999998,0.064,0.027746365914786977,0.04066561604010025,energy,1.0,1.0,1.0,0.5,Art,Clipart
1,Detector Tree,350.5,1273.8402730827067,1281.1186466165414,0.5164596090225564,0.5387969924812029,0.4967919799498747,0.4967919799498747,0.48988872180451126,0.9990000000000001,0.014999999999999998,0.064,0.027746365914786977,0.04079964160401003,energy,1.0,1.0,1.0,0.5,Art,Clipart
0,Base Tree,350.5,4240.393276992481,3997.4912280701756,0.40895192180451123,0.44877192982456143,0.5870426065162907,0.5870426065162907,0.5996423558897243,0.9990000000000001,0.014999999999999998,0.064,0.032823308270676727,0.0455944,energy,1.0,1.0,1.0,0.6000000000000001,Art,Clipart
1,Detector Tree,350.5,1415.5980668671677,1398.1849874686718,0.40835227944862157,0.44877192982456143,0.5870426065162907,0.5870426065162907,0.5996423558897243,0.9990000000000001,0.014999999999999998,0.064,0.032823308270676727,0.04602952506265664,energy,1.0,1.0,1.0,0.6000000000000001,Art,Clipart
0,Base Tree,350.5,4948.181542255639,4636.8446115288225,0.29292105864661655,0.34395989974937347,0.7061654135338346,0.7061654135338346,0.7175598997493734,0.9990000000000001,0.014999999999999998,0.064,0.03767167919799498,0.05448718195488722,energy,1.0,1.0,1.0,0.7000000000000001,Art,Clipart
1,Detector Tree,350.5,1567.9003665162907,1553.4028070175439,0.2922034987468672,0.34395989974937347,0.7061654135338346,0.7061654135338346,0.7175598997493734,0.9990000000000001,0.014999999999999998,0.064,0.03767167919799498,0.055107328320802014,energy,1.0,1.0,1.0,0.7000000000000001,Art,Clipart
0,Base Tree,350.5,5497.483882105263,5197.769423558897,0.2028714947368421,0.2520050125313283,0.8023308270676691,0.8023308270676691,0.8090736842105263,0.9990000000000001,0.014999999999999998,0.064,0.03364661654135337,0.049972102255639105,energy,1.0,1.0,1.0,0.8,Art,Clipart
1,Detector Tree,350.5,1686.0995705263158,1678.3398746867167,0.20206242105263159,0.2520050125313283,0.8023308270676691,0.8023308270676691,0.8090736842105263,0.9990000000000001,0.014999999999999998,0.064,0.03364661654135337,0.05072940100250627,energy,1.0,1.0,1.0,0.8,Art,Clipart
0,Base Tree,350.5,6038.426488421052,5712.982456140351,0.11419237894736843,0.1675438596491228,0.8887218045112782,0.8887218045112782,0.8991947368421053,0.9990000000000001,0.014999999999999998,0.064,0.03827994987468672,0.05342725413533834,energy,1.0,1.0,1.0,0.9,Art,Clipart
1,Detector Tree,350.5,1802.4999221052633,1790.4854636591479,0.11329318421052634,0.1675438596491228,0.8887218045112782,0.8887218045112782,0.8991947368421053,0.9990000000000001,0.014999999999999998,0.064,0.03827994987468672,0.05429498872180451,energy,1.0,1.0,1.0,0.9,Art,Clipart
0,Base Tree,350.5,6643.5,6360.591478696741,0.014999999999999998,0.06137844611528823,1.0,1.0,1.0,0.9990000000000001,0.014999999999999998,0.064,0.0,0.04660401002506266,energy,1.0,1.0,1.0,1.0,Art,Clipart
1,Detector Tree,350.5,1932.7,1935.0689223057643,0.014000000000000004,0.06137844611528823,1.0,1.0,1.0,0.9990000000000001,0.014999999999999998,0.064,0.0,0.04755889724310777,energy,1.0,1.0,1.0,1.0,Art,Clipart
0,Base Tree,350.5,641.1,635.0,0.9990000000000001,1.0,0.0,0.0,0.0,0.9990000000000001,0.014999999999999998,0.014999999999999998,0.0,0.0009999999999998899,energy,1.0,1.0,1.0,0.0,Clipart,Clipart
1,Detector Tree,350.5,641.1,635.0,0.9990000000000001,1.0,0.0,0.0,0.0,0.9990000000000001,0.014999999999999998,0.014999999999999998,0.0,0.0009999999999998899,energy,1.0,1.0,1.0,0.0,Clipart,Clipart
0,Base Tree,350.5,1246.1735115789475,1279.704260651629,0.8998076210526316,0.8943107769423558,0.1112781954887218,0.1112781954887218,0.10080526315789473,0.9990000000000001,0.014999999999999998,0.014999999999999998,0.03827994987468672,0.01875154486215539,energy,1.0,1.0,1.0,0.1,Clipart,Clipart
1,Detector Tree,350.5,771.3000778947369,779.607268170426,0.8997068157894738,0.8943107769423558,0.1112781954887218,0.1112781954887218,0.10080526315789473,0.9990000000000001,0.014999999999999998,0.014999999999999998,0.03827994987468672,0.01873638721804512,energy,1.0,1.0,1.0,0.1,Clipart,Clipart
0,Base Tree,350.5,1787.1161178947368,1806.689223057644,0.8111285052631579,0.8079197994987469,0.19766917293233083,0.19766917293233083,0.19092631578947367,0.9990000000000001,0.014999999999999998,0.014999999999999998,0.03364661654135338,0.030943843609022567,energy,1.0,1.0,1.0,0.2,Clipart,Clipart
1,Detector Tree,350.5,887.7004294736843,891.656365914787,0.8109375789473684,0.8079197994987469,0.19766917293233083,0.19766917293233083,0.19092631578947367,0.9990000000000001,0.014999999999999998,0.014999999999999998,0.03364661654135338,0.030925799498746874,energy,1.0,1.0,1.0,0.2,Clipart,Clipart
0,Base Tree,350.5,2336.418457744361,2377.092731829574,0.7210789413533835,0.7144110275689224,0.2938345864661654,0.2938345864661654,0.2824401002506266,0.9990000000000001,0.014999999999999998,0.014999999999999998,0.037671679197994995,0.034163484711779435,energy,1.0,1.0,1.0,0.30000000000000004,Clipart,Clipart
1,Detector Tree,350.5,1005.8996334837093,1016.5157393483709,0.7207965012531328,0.7144110275689224,0.2938345864661654,0.2938345864661654,0.2824401002506266,0.9990000000000001,0.014999999999999998,0.014999999999999998,0.037671679197994995,0.03410730827067668,energy,1.0,1.0,1.0,0.30000000000000004,Clipart,Clipart
0,Base Tree,350.5,3044.206723007519,3103.7418546365916,0.6050480781954887,0.5952882205513784,0.4129573934837093,0.4129573934837093,0.40035764411027563,0.9990000000000001,0.014999999999999998,0.014999999999999998,0.03282330827067668,0.03092955388471178,energy,1.0,1.0,1.0,0.4,Clipart,Clipart
1,Detector Tree,350.5,1158.201933132832,1171.0180200501254,0.6046477205513785,0.5952882205513784,0.4129573934837093,0.4129573934837093,0.40035764411027563,0.9990000000000001,0.014999999999999998,0.014999999999999998,0.03282330827067668,0.030865582706766915,energy,1.0,1.0,1.0,0.4,Clipart,Clipart
0,Base Tree,350.5,3581.608063759398,3615.1328320802004,0.5169494977443609,0.511453634085213,0.4967919799498747,0.4967919799498747,0.48988872180451126,0.9990000000000001,0.014999999999999998,0.014999999999999998,0.027746365914786977,0.02691297844611528,energy,1.0,1.0,1.0,0.5,Clipart,Clipart
1,Detector Tree,350.5,1273.8402730827067,1279.751478696742,0.5164596090225564,0.511453634085213,0.4967919799498747,0.4967919799498747,0.48988872180451126,0.9990000000000001,0.014999999999999998,0.014999999999999998,0.027746365914786977,0.026857160401002497,energy,1.0,1.0,1.0,0.5,Clipart,Clipart
0,Base Tree,350.5,4240.393276992481,4170.0952380952385,0.40895192180451123,0.4204761904761905,0.5870426065162907,0.5870426065162907,0.5996423558897243,0.9990000000000001,0.014999999999999998,0.014999999999999998,0.032823308270676727,0.0381084932330827,energy,1.0,1.0,1.0,0.6000000000000001,Clipart,Clipart
1,Detector Tree,350.5,1415.5980668671677,1396.7702005012534,0.40835227944862157,0.4204761904761905,0.5870426065162907,0.5870426065162907,0.5996423558897243,0.9990000000000001,0.014999999999999998,0.014999999999999998,0.032823308270676727,0.038207424812030065,energy,1.0,1.0,1.0,0.6000000000000001,Clipart,Clipart
0,Base Tree,350.5,4948.181542255639,4896.744360902256,0.29292105864661655,0.3013533834586466,0.7061654135338346,0.7061654135338346,0.7175598997493734,0.9990000000000001,0.014999999999999998,0.014999999999999998,0.03767167919799498,0.04165454837092731,energy,1.0,1.0,1.0,0.7000000000000001,Clipart,Clipart
1,Detector Tree,350.5,1567.9003665162907,1551.2724812030074,0.2922034987468672,0.3013533834586466,0.7061654135338346,0.7061654135338346,0.7175598997493734,0.9990000000000001,0.014999999999999998,0.014999999999999998,0.03767167919799498,0.04179051629072681,energy,1.0,1.0,1.0,0.7000000000000001,Clipart,Clipart
0,Base Tree,350.5,5497.483882105263,5467.147869674185,0.2028714947368421,0.20784461152882208,0.8023308270676691,0.8023308270676691,0.8090736842105263,0.9990000000000001,0.014999999999999998,0.014999999999999998,0.03364661654135337,0.03765511378446115,energy,1.0,1.0,1.0,0.8,Clipart,Clipart
1,Detector Tree,350.5,1686.0995705263158,1676.1318546365915,0.20206242105263159,0.20784461152882208,0.8023308270676691,0.8023308270676691,0.8090736842105263,0.9990000000000001,0.014999999999999998,0.014999999999999998,0.03364661654135337,0.03780097994987469,energy,1.0,1.0,1.0,0.8,Clipart,Clipart
0,Base Tree,350.5,6038.426488421052,5994.1328320802,0.11419237894736843,0.12145363408521304,0.8887218045112782,0.8887218045112782,0.8991947368421053,0.9990000000000001,0.014999999999999998,0.014999999999999998,0.03827994987468672,0.027994784962406018,energy,1.0,1.0,1.0,0.9,Clipart,Clipart
1,Detector Tree,350.5,1802.4999221052633,1788.1809523809522,0.11329318421052634,0.12145363408521304,0.8887218045112782,0.8887218045112782,0.8991947368421053,0.9990000000000001,0.014999999999999998,0.014999999999999998,0.03827994987468672,0.02824574561403509,energy,1.0,1.0,1.0,0.9,Clipart,Clipart
0,Base Tree,350.5,6643.5,6638.837092731829,0.014999999999999998,0.015764411027568922,1.0,1.0,1.0,0.9990000000000001,0.014999999999999998,0.014999999999999998,0.0,0.015350877192982455,energy,1.0,1.0,1.0,1.0,Clipart,Clipart
1,Detector Tree,350.5,1932.7,1932.7882205513783,0.014000000000000004,0.015764411027568922,1.0,1.0,1.0,0.9990000000000001,0.014999999999999998,0.014999999999999998,0.0,0.01511779448621554,energy,1.0,1.0,1.0,1.0,Clipart,Clipart
0,Base Tree,350.5,641.1,635.0,0.9990000000000001,1.0,0.0,0.0,0.0,0.9990000000000001,0.014999999999999998,0.9599999999999999,0.0,0.0009999999999998899,energy,1.0,1.0,1.0,0.0,Product,Clipart
1,Detector Tree,350.5,641.1,635.0,0.9990000000000001,1.0,0.0,0.0,0.0,0.9990000000000001,0.014999999999999998,0.9599999999999999,0.0,0.0009999999999998899,energy,1.0,1.0,1.0,0.0,Product,Clipart
0,Base Tree,350.5,1246.1735115789475,674.5964912280701,0.8998076210526316,0.9935087719298247,0.1112781954887218,0.1112781954887218,0.10080526315789473,0.9990000000000001,0.014999999999999998,0.9599999999999999,0.03827994987468672,0.09370115087719298,energy,1.0,1.0,1.0,0.1,Product,Clipart
1,Detector Tree,350.5,771.3000778947369,784.5671679197994,0.8997068157894738,0.9935087719298247,0.1112781954887218,0.1112781954887218,0.10080526315789473,0.9990000000000001,0.014999999999999998,0.9599999999999999,0.03827994987468672,0.09380195614035088,energy,1.0,1.0,1.0,0.1,Product,Clipart
0,Base Tree,350.5,1787.1161178947368,695.5413533834586,0.8111285052631579,0.9900751879699249,0.19766917293233083,0.19766917293233083,0.19092631578947367,0.9990000000000001,0.014999999999999998,0.9599999999999999,0.03364661654135338,0.1789466827067669,energy,1.0,1.0,1.0,0.2,Product,Clipart
1,Detector Tree,350.5,887.7004294736843,900.7641353383459,0.8109375789473684,0.9900751879699249,0.19766917293233083,0.19766917293233083,0.19092631578947367,0.9990000000000001,0.014999999999999998,0.9599999999999999,0.03364661654135338,0.17913760902255638,energy,1.0,1.0,1.0,0.2,Product,Clipart
0,Base Tree,350.5,2336.418457744361,755.1654135338346,0.7210789413533835,0.9803007518796992,0.2938345864661654,0.2938345864661654,0.2824401002506266,0.9990000000000001,0.014999999999999998,0.9599999999999999,0.037671679197994995,0.2592218105263158,energy,1.0,1.0,1.0,0.30000000000000004,Product,Clipart
1,Detector Tree,350.5,1005.8996334837093,1029.8102255639099,0.7207965012531328,0.9803007518796992,0.2938345864661654,0.2938345864661654,0.2824401002506266,0.9990000000000001,0.014999999999999998,0.9599999999999999,0.037671679197994995,0.2595042506265664,energy,1.0,1.0,1.0,0.30000000000000004,Product,Clipart
0,Base Tree,350.5,3044.206723007519,805.4636591478696,0.6050480781954887,0.9720551378446114,0.4129573934837093,0.4129573934837093,0.40035764411027563,0.9990000000000001,0.014999999999999998,0.9599999999999999,0.03282330827067668,0.3670070596491228,energy,1.0,1.0,1.0,0.4,Product,Clipart
1,Detector Tree,350.5,1158.201933132832,1189.856365914787,0.6046477205513785,0.9720551378446114,0.4129573934837093,0.4129573934837093,0.40035764411027563,0.9990000000000001,0.014999999999999998,0.9599999999999999,0.03282330827067668,0.367407417293233,energy,1.0,1.0,1.0,0.4,Product,Clipart
0,Base Tree,350.5,3581.608063759398,820.7518796992481,0.5169494977443609,0.969548872180451,0.4967919799498747,0.4967919799498747,0.48988872180451126,0.9990000000000001,0.014999999999999998,0.9599999999999999,0.027746365914786977,0.45259937443609016,energy,1.0,1.0,1.0,0.5,Product,Clipart
1,Detector Tree,350.5,1273.8402730827067,1302.656240601504,0.5164596090225564,0.969548872180451,0.4967919799498747,0.4967919799498747,0.48988872180451126,0.9990000000000001,0.014999999999999998,0.9599999999999999,0.027746365914786977,0.4530892631578947,energy,1.0,1.0,1.0,0.5,Product,Clipart
0,Base Tree,350.5,4240.393276992481,818.6115288220551,0.40895192180451123,0.9698997493734336,0.5870426065162907,0.5870426065162907,0.5996423558897243,0.9990000000000001,0.014999999999999998,0.9599999999999999,0.032823308270676727,0.5609478275689223,energy,1.0,1.0,1.0,0.6000000000000001,Product,Clipart
1,Detector Tree,350.5,1415.5980668671677,1424.2413784461155,0.40835227944862157,0.9698997493734336,0.5870426065162907,0.5870426065162907,0.5996423558897243,0.9990000000000001,0.014999999999999998,0.9599999999999999,0.032823308270676727,0.561547469924812,energy,1.0,1.0,1.0,0.6000000000000001,Product,Clipart
0,Base Tree,350.5,4948.181542255639,868.9097744360902,0.29292105864661655,0.9616541353383459,0.7061654135338346,0.7061654135338346,0.7175598997493734,0.9990000000000001,0.014999999999999998,0.9599999999999999,0.03767167919799498,0.6687330766917292,energy,1.0,1.0,1.0,0.7000000000000001,Product,Clipart
1,Detector Tree,350.5,1567.9003665162907,1584.2875187969923,0.2922034987468672,0.9616541353383459,0.7061654135338346,0.7061654135338346,0.7175598997493734,0.9990000000000001,0.014999999999999998,0.9599999999999999,0.03767167919799498,0.6694506365914786,energy,1.0,1.0,1.0,0.7000000000000001,Product,Clipart
0,Base Tree,350.5,5497.483882105263,928.5338345864661,0.2028714947368421,0.9518796992481203,0.8023308270676691,0.8023308270676691,0.8090736842105263,0.9990000000000001,0.014999999999999998,0.9599999999999999,0.03364661654135337,0.7490082045112781,energy,1.0,1.0,1.0,0.8,Product,Clipart
1,Detector Tree,350.5,1686.0995705263158,1713.3336090225564,0.20206242105263159,0.9518796992481203,0.8023308270676691,0.8023308270676691,0.8090736842105263,0.9990000000000001,0.014999999999999998,0.9599999999999999,0.03364661654135337,0.7498172781954887,energy,1.0,1.0,1.0,0.8,Product,Clipart
0,Base Tree,350.5,6038.426488421052,949.4786967418546,0.11419237894736843,0.9484461152882205,0.8887218045112782,0.8887218045112782,0.8991947368421053,0.9990000000000001,0.014999999999999998,0.9599999999999999,0.03827994987468672,0.8342537363408521,energy,1.0,1.0,1.0,0.9,Product,Clipart
1,Detector Tree,350.5,1802.4999221052633,1829.5305764411025,0.11329318421052634,0.9484461152882205,0.8887218045112782,0.8887218045112782,0.8991947368421053,0.9990000000000001,0.014999999999999998,0.9599999999999999,0.03827994987468672,0.8351529310776943,energy,1.0,1.0,1.0,0.9,Product,Clipart
0,Base Tree,350.5,6643.5,989.0751879699249,0.014999999999999998,0.9419548872180451,1.0,1.0,1.0,0.9990000000000001,0.014999999999999998,0.9599999999999999,0.0,0.9269548872180452,energy,1.0,1.0,1.0,1.0,Product,Clipart
1,Detector Tree,350.5,1932.7,1979.0977443609022,0.014000000000000004,0.9419548872180451,1.0,1.0,1.0,0.9990000000000001,0.014999999999999998,0.9599999999999999,0.0,0.9279548872180452,energy,1.0,1.0,1.0,1.0,Product,Clipart
0,Base Tree,350.5,641.1,635.0,0.9990000000000001,1.0,0.0,0.0,0.0,0.9990000000000001,0.9599999999999999,0.064,0.0,0.0009999999999998899,energy,1.0,1.0,1.0,0.0,Art,Product
1,Detector Tree,350.5,641.1,635.0,0.9990000000000001,1.0,0.0,0.0,0.0,0.9990000000000001,0.9599999999999999,0.064,0.0,0.0009999999999998899,energy,1.0,1.0,1.0,0.0,Art,Product
0,Base Tree,350.5,665.0815721052631,1282.609022556391,0.9950685947368422,0.8938345864661654,0.1112781954887218,0.1112781954887218,0.10080526315789473,0.9990000000000001,0.9599999999999999,0.064,0.03827994987468672,0.10123400827067669,energy,1.0,1.0,1.0,0.1,Art,Product
1,Detector Tree,350.5,776.0984084210527,779.5834586466165,0.9956734263157895,0.8938345864661654,0.1112781954887218,0.1112781954887218,0.10080526315789473,0.9990000000000001,0.9599999999999999,0.064,0.03827994987468672,0.10183883984962408,energy,1.0,1.0,1.0,0.1,Art,Product
0,Base Tree,350.5,686.5213705263158,1797.8220551378447,0.9915538736842106,0.8093734335839599,0.19766917293233083,0.19766917293233083,0.19092631578947367,0.9990000000000001,0.9599999999999999,0.064,0.03364661654135338,0.18218044010025064,energy,1.0,1.0,1.0,0.2,Art,Product
1,Detector Tree,350.5,896.7885221052632,891.7290476190476,0.9926994315789475,0.8093734335839599,0.19766917293233083,0.19766917293233083,0.19092631578947367,0.9990000000000001,0.9599999999999999,0.064,0.03364661654135338,0.1833259979949875,energy,1.0,1.0,1.0,0.2,Art,Product
0,Base Tree,350.5,708.2924998496242,2358.74686716792,0.9879848360902256,0.7174185463659147,0.2938345864661654,0.2938345864661654,0.2824401002506266,0.9990000000000001,0.9599999999999999,0.064,0.037671679197994995,0.2705662897243108,energy,1.0,1.0,1.0,0.30000000000000004,Art,Product
1,Detector Tree,350.5,1019.343782255639,1016.6661152882205,0.9896794766917293,0.7174185463659147,0.2938345864661654,0.2938345864661654,0.2824401002506266,0.9990000000000001,0.9599999999999999,0.064,0.037671679197994995,0.27226093032581455,energy,1.0,1.0,1.0,0.30000000000000004,Art,Product
0,Base Tree,350.5,736.3450835338347,2998.1002506265663,0.9833860518796992,0.6126065162907268,0.4129573934837093,0.4129573934837093,0.40035764411027563,0.9990000000000001,0.9599999999999999,0.064,0.03282330827067668,0.3707795355889724,energy,1.0,1.0,1.0,0.4,Art,Product
1,Detector Tree,350.5,1177.2589569924812,1171.8839348370927,0.9857881977443609,0.6126065162907268,0.4129573934837093,0.4129573934837093,0.40035764411027563,0.9990000000000001,0.9599999999999999,0.064,0.03282330827067668,0.3731816814536341,energy,1.0,1.0,1.0,0.4,Art,Product
0,Base Tree,350.5,757.6445269172933,3448.3383458646617,0.979894339849624,0.5387969924812029,0.4967919799498747,0.4967919799498747,0.48988872180451126,0.9990000000000001,0.9599999999999999,0.064,0.027746365914786977,0.44109734736842104,energy,1.0,1.0,1.0,0.5,Art,Product
1,Detector Tree,350.5,1297.1589762406015,1281.1186466165414,0.9828336721804511,0.5387969924812029,0.4967919799498747,0.4967919799498747,0.48988872180451126,0.9990000000000001,0.9599999999999999,0.064,0.027746365914786977,0.4440366796992481,energy,1.0,1.0,1.0,0.5,Art,Product
0,Base Tree,350.5,783.7549164661656,3997.4912280701756,0.9756139481203007,0.44877192982456143,0.5870426065162907,0.5870426065162907,0.5996423558897243,0.9990000000000001,0.9599999999999999,0.064,0.032823308270676727,0.5268420182957393,energy,1.0,1.0,1.0,0.6000000000000001,Art,Product
1,Detector Tree,350.5,1444.1410430075189,1398.1849874686718,0.979211802255639,0.44877192982456143,0.5870426065162907,0.5870426065162907,0.5996423558897243,0.9990000000000001,0.9599999999999999,0.064,0.032823308270676727,0.5304398724310777,energy,1.0,1.0,1.0,0.6000000000000001,Art,Product
0,Base Tree,350.5,811.8075001503761,4636.8446115288225,0.9710151639097744,0.34395989974937347,0.7061654135338346,0.7061654135338346,0.7175598997493734,0.9990000000000001,0.9599999999999999,0.064,0.03767167919799498,0.6270552641604009,energy,1.0,1.0,1.0,0.7000000000000001,Art,Product
1,Detector Tree,350.5,1602.056217744361,1553.4028070175439,0.9753205233082706,0.34395989974937347,0.7061654135338346,0.7061654135338346,0.7175598997493734,0.9990000000000001,0.9599999999999999,0.064,0.03767167919799498,0.6313606235588972,energy,1.0,1.0,1.0,0.7000000000000001,Art,Product
0,Base Tree,350.5,833.5786294736844,5197.769423558897,0.9674461263157894,0.2520050125313283,0.8023308270676691,0.8023308270676691,0.8090736842105263,0.9990000000000001,0.9599999999999999,0.064,0.03364661654135337,0.7154411137844611,energy,1.0,1.0,1.0,0.8,Art,Product
1,Detector Tree,350.5,1724.6114778947367,1678.3398746867167,0.9723005684210526,0.2520050125313283,0.8023308270676691,0.8023308270676691,0.8090736842105263,0.9990000000000001,0.9599999999999999,0.064,0.03364661654135337,0.7202955558897243,energy,1.0,1.0,1.0,0.8,Art,Product
0,Base Tree,350.5,855.0184278947371,5712.982456140351,0.9639314052631579,0.1675438596491228,0.8887218045112782,0.8887218045112782,0.8991947368421053,0.9990000000000001,0.9599999999999999,0.064,0.03827994987468672,0.796387545614035,energy,1.0,1.0,1.0,0.9,Art,Product
1,Detector Tree,350.5,1845.3015915789474,1790.4854636591479,0.9693265736842105,0.1675438596491228,0.8887218045112782,0.8887218045112782,0.8991947368421053,0.9990000000000001,0.9599999999999999,0.064,0.03827994987468672,0.8017827140350877,energy,1.0,1.0,1.0,0.9,Art,Product
0,Base Tree,350.5,879.0000000000003,6360.591478696741,0.9599999999999999,0.06137844611528823,1.0,1.0,1.0,0.9990000000000001,0.9599999999999999,0.064,0.0,0.8986215538847117,energy,1.0,1.0,1.0,1.0,Art,Product
1,Detector Tree,350.5,1980.3,1935.0689223057643,0.966,0.06137844611528823,1.0,1.0,1.0,0.9990000000000001,0.9599999999999999,0.064,0.0,0.9046215538847117,energy,1.0,1.0,1.0,1.0,Art,Product
0,Base Tree,350.5,641.1,635.0,0.9990000000000001,1.0,0.0,0.0,0.0,0.9990000000000001,0.9599999999999999,0.014999999999999998,0.0,0.0009999999999998899,energy,1.0,1.0,1.0,0.0,Clipart,Product
1,Detector Tree,350.5,641.1,635.0,0.9990000000000001,1.0,0.0,0.0,0.0,0.9990000000000001,0.9599999999999999,0.014999999999999998,0.0,0.0009999999999998899,energy,1.0,1.0,1.0,0.0,Clipart,Product
0,Base Tree,350.5,665.0815721052631,1279.704260651629,0.9950685947368422,0.8943107769423558,0.1112781954887218,0.1112781954887218,0.10080526315789473,0.9990000000000001,0.9599999999999999,0.014999999999999998,0.03827994987468672,0.10075781779448624,energy,1.0,1.0,1.0,0.1,Clipart,Product
1,Detector Tree,350.5,776.0984084210527,779.607268170426,0.9956734263157895,0.8943107769423558,0.1112781954887218,0.1112781954887218,0.10080526315789473,0.9990000000000001,0.9599999999999999,0.014999999999999998,0.03827994987468672,0.1013626493734336,energy,1.0,1.0,1.0,0.1,Clipart,Product
0,Base Tree,350.5,686.5213705263158,1806.689223057644,0.9915538736842106,0.8079197994987469,0.19766917293233083,0.19766917293233083,0.19092631578947367,0.9990000000000001,0.9599999999999999,0.014999999999999998,0.03364661654135338,0.18363407418546365,energy,1.0,1.0,1.0,0.2,Clipart,Product
1,Detector Tree,350.5,896.7885221052632,891.656365914787,0.9926994315789475,0.8079197994987469,0.19766917293233083,0.19766917293233083,0.19092631578947367,0.9990000000000001,0.9599999999999999,0.014999999999999998,0.03364661654135338,0.1847796320802005,energy,1.0,1.0,1.0,0.2,Clipart,Product
0,Base Tree,350.5,708.2924998496242,2377.092731829574,0.9879848360902256,0.7144110275689224,0.2938345864661654,0.2938345864661654,0.2824401002506266,0.9990000000000001,0.9599999999999999,0.014999999999999998,0.037671679197994995,0.27357380852130325,energy,1.0,1.0,1.0,0.30000000000000004,Clipart,Product
1,Detector Tree,350.5,1019.343782255639,1016.5157393483709,0.9896794766917293,0.7144110275689224,0.2938345864661654,0.2938345864661654,0.2824401002506266,0.9990000000000001,0.9599999999999999,0.014999999999999998,0.037671679197994995,0.27526844912280696,energy,1.0,1.0,1.0,0.30000000000000004,Clipart,Product
0,Base Tree,350.5,736.3450835338347,3103.7418546365916,0.9833860518796992,0.5952882205513784,0.4129573934837093,0.4129573934837093,0.40035764411027563,0.9990000000000001,0.9599999999999999,0.014999999999999998,0.03282330827067668,0.38809783132832076,energy,1.0,1.0,1.0,0.4,Clipart,Product
1,Detector Tree,350.5,1177.2589569924812,1171.0180200501254,0.9857881977443609,0.5952882205513784,0.4129573934837093,0.4129573934837093,0.40035764411027563,0.9990000000000001,0.9599999999999999,0.014999999999999998,0.03282330827067668,0.3904999771929825,energy,1.0,1.0,1.0,0.4,Clipart,Product
0,Base Tree,350.5,757.6445269172933,3615.1328320802004,0.979894339849624,0.511453634085213,0.4967919799498747,0.4967919799498747,0.48988872180451126,0.9990000000000001,0.9599999999999999,0.014999999999999998,0.027746365914786977,0.468440705764411,energy,1.0,1.0,1.0,0.5,Clipart,Product
1,Detector Tree,350.5,1297.1589762406015,1279.751478696742,0.9828336721804511,0.511453634085213,0.4967919799498747,0.4967919799498747,0.48988872180451126,0.9990000000000001,0.9599999999999999,0.014999999999999998,0.027746365914786977,0.47138003809523804,energy,1.0,1.0,1.0,0.5,Clipart,Product
0,Base Tree,350.5,783.7549164661656,4170.0952380952385,0.9756139481203007,0.4204761904761905,0.5870426065162907,0.5870426065162907,0.5996423558897243,0.9990000000000001,0.9599999999999999,0.014999999999999998,0.032823308270676727,0.5551377576441102,energy,1.0,1.0,1.0,0.6000000000000001,Clipart,Product
1,Detector Tree,350.5,1444.1410430075189,1396.7702005012534,0.979211802255639,0.4204761904761905,0.5870426065162907,0.5870426065162907,0.5996423558897243,0.9990000000000001,0.9599999999999999,0.014999999999999998,0.032823308270676727,0.5587356117794486,energy,1.0,1.0,1.0,0.6000000000000001,Clipart,Product
0,Base Tree,350.5,811.8075001503761,4896.744360902256,0.9710151639097744,0.3013533834586466,0.7061654135338346,0.7061654135338346,0.7175598997493734,0.9990000000000001,0.9599999999999999,0.014999999999999998,0.03767167919799498,0.6696617804511279,energy,1.0,1.0,1.0,0.7000000000000001,Clipart,Product
1,Detector Tree,350.5,1602.056217744361,1551.2724812030074,0.9753205233082706,0.3013533834586466,0.7061654135338346,0.7061654135338346,0.7175598997493734,0.9990000000000001,0.9599999999999999,0.014999999999999998,0.03767167919799498,0.673967139849624,energy,1.0,1.0,1.0,0.7000000000000001,Clipart,Product
0,Base Tree,350.5,833.5786294736844,5467.147869674185,0.9674461263157894,0.20784461152882208,0.8023308270676691,0.8023308270676691,0.8090736842105263,0.9990000000000001,0.9599999999999999,0.014999999999999998,0.03364661654135337,0.7596015147869674,energy,1.0,1.0,1.0,0.8,Clipart,Product
1,Detector Tree,350.5,1724.6114778947367,1676.1318546365915,0.9723005684210526,0.20784461152882208,0.8023308270676691,0.8023308270676691,0.8090736842105263,0.9990000000000001,0.9599999999999999,0.014999999999999998,0.03364661654135337,0.7644559568922306,energy,1.0,1.0,1.0,0.8,Clipart,Product
0,Base Tree,350.5,855.0184278947371,5994.1328320802,0.9639314052631579,0.12145363408521304,0.8887218045112782,0.8887218045112782,0.8991947368421053,0.9990000000000001,0.9599999999999999,0.014999999999999998,0.03827994987468672,0.8424777711779449,energy,1.0,1.0,1.0,0.9,Clipart,Product
1,Detector Tree,350.5,1845.3015915789474,1788.1809523809522,0.9693265736842105,0.12145363408521304,0.8887218045112782,0.8887218045112782,0.8991947368421053,0.9990000000000001,0.9599999999999999,0.014999999999999998,0.03827994987468672,0.8478729395989975,energy,1.0,1.0,1.0,0.9,Clipart,Product
0,Base Tree,350.5,879.0000000000003,6638.837092731829,0.9599999999999999,0.015764411027568922,1.0,1.0,1.0,0.9990000000000001,0.9599999999999999,0.014999999999999998,0.0,0.9442355889724311,energy,1.0,1.0,1.0,1.0,Clipart,Product
1,Detector Tree,350.5,1980.3,1932.7882205513783,0.966,0.015764411027568922,1.0,1.0,1.0,0.9990000000000001,0.9599999999999999,0.014999999999999998,0.0,0.9502355889724311,energy,1.0,1.0,1.0,1.0,Clipart,Product
0,Base Tree,350.5,641.1,635.0,0.9990000000000001,1.0,0.0,0.0,0.0,0.9990000000000001,0.9599999999999999,0.9599999999999999,0.0,0.0009999999999998899,energy,1.0,1.0,1.0,0.0,Product,Product
1,Detector Tree,350.5,641.1,635.0,0.9990000000000001,1.0,0.0,0.0,0.0,0.9990000000000001,0.9599999999999999,0.9599999999999999,0.0,0.0009999999999998899,energy,1.0,1.0,1.0,0.0,Product,Product
0,Base Tree,350.5,665.0815721052631,674.5964912280701,0.9950685947368422,0.9935087719298247,0.1112781954887218,0.1112781954887218,0.10080526315789473,0.9990000000000001,0.9599999999999999,0.9599999999999999,0.03827994987468672,0.005517559147869682,energy,1.0,1.0,1.0,0.1,Product,Product
1,Detector Tree,350.5,776.0984084210527,784.5671679197994,0.9956734263157895,0.9935087719298247,0.1112781954887218,0.1112781954887218,0.10080526315789473,0.9990000000000001,0.9599999999999999,0.9599999999999999,0.03827994987468672,0.005681620802005038,energy,1.0,1.0,1.0,0.1,Product,Product
0,Base Tree,350.5,686.5213705263158,695.5413533834586,0.9915538736842106,0.9900751879699249,0.19766917293233083,0.19766917293233083,0.19092631578947367,0.9990000000000001,0.9599999999999999,0.9599999999999999,0.03364661654135338,0.006168553884711791,energy,1.0,1.0,1.0,0.2,Product,Product
1,Detector Tree,350.5,896.7885221052632,900.7641353383459,0.9926994315789475,0.9900751879699249,0.19766917293233083,0.19766917293233083,0.19092631578947367,0.9990000000000001,0.9599999999999999,0.9599999999999999,0.03364661654135338,0.006661253132832095,energy,1.0,1.0,1.0,0.2,Product,Product
0,Base Tree,350.5,708.2924998496242,755.1654135338346,0.9879848360902256,0.9803007518796992,0.2938345864661654,0.2938345864661654,0.2824401002506266,0.9990000000000001,0.9599999999999999,0.9599999999999999,0.037671679197994995,0.010918802005012537,energy,1.0,1.0,1.0,0.30000000000000004,Product,Product
1,Detector Tree,350.5,1019.343782255639,1029.8102255639099,0.9896794766917293,0.9803007518796992,0.2938345864661654,0.2938345864661654,0.2824401002506266,0.9990000000000001,0.9599999999999999,0.9599999999999999,0.037671679197994995,0.011744095238095234,energy,1.0,1.0,1.0,0.30000000000000004,Product,Product
0,Base Tree,350.5,736.3450835338347,805.4636591478696,0.9833860518796992,0.9720551378446114,0.4129573934837093,0.4129573934837093,0.40035764411027563,0.9990000000000001,0.9599999999999999,0.9599999999999999,0.03282330827067668,0.013195721553884732,energy,1.0,1.0,1.0,0.4,Product,Product
1,Detector Tree,350.5,1177.2589569924812,1189.856365914787,0.9857881977443609,0.9720551378446114,0.4129573934837093,0.4129573934837093,0.40035764411027563,0.9990000000000001,0.9599999999999999,0.9599999999999999,0.03282330827067668,0.014880667418546399,energy,1.0,1.0,1.0,0.4,Product,Product
0,Base Tree,350.5,757.6445269172933,820.7518796992481,0.979894339849624,0.969548872180451,0.4967919799498747,0.4967919799498747,0.48988872180451126,0.9990000000000001,0.9599999999999999,0.9599999999999999,0.027746365914786977,0.013861716290726833,energy,1.0,1.0,1.0,0.5,Product,Product
1,Detector Tree,350.5,1297.1589762406015,1302.656240601504,0.9828336721804511,0.969548872180451,0.4967919799498747,0.4967919799498747,0.48988872180451126,0.9990000000000001,0.9599999999999999,0.9599999999999999,0.027746365914786977,0.01543812180451129,energy,1.0,1.0,1.0,0.5,Product,Product
0,Base Tree,350.5,783.7549164661656,818.6115288220551,0.9756139481203007,0.9698997493734336,0.5870426065162907,0.5870426065162907,0.5996423558897243,0.9990000000000001,0.9599999999999999,0.9599999999999999,0.032823308270676727,0.016065696491228087,energy,1.0,1.0,1.0,0.6000000000000001,Product,Product
1,Detector Tree,350.5,1444.1410430075189,1424.2413784461155,0.979211802255639,0.9698997493734336,0.5870426065162907,0.5870426065162907,0.5996423558897243,0.9990000000000001,0.9599999999999999,0.9599999999999999,0.032823308270676727,0.016101585213032593,energy,1.0,1.0,1.0,0.6000000000000001,Product,Product
0,Base Tree,350.5,811.8075001503761,868.9097744360902,0.9710151639097744,0.9616541353383459,0.7061654135338346,0.7061654135338346,0.7175598997493734,0.9990000000000001,0.9599999999999999,0.9599999999999999,0.03767167919799498,0.018791219047619052,energy,1.0,1.0,1.0,0.7000000000000001,Product,Product
1,Detector Tree,350.5,1602.056217744361,1584.2875187969923,0.9753205233082706,0.9616541353383459,0.7061654135338346,0.7061654135338346,0.7175598997493734,0.9990000000000001,0.9599999999999999,0.9599999999999999,0.03767167919799498,0.020891857644110282,energy,1.0,1.0,1.0,0.7000000000000001,Product,Product
0,Base Tree,350.5,833.5786294736844,928.5338345864661,0.9674461263157894,0.9518796992481203,0.8023308270676691,0.8023308270676691,0.8090736842105263,0.9990000000000001,0.9599999999999999,0.9599999999999999,0.03364661654135337,0.021118810526315784,energy,1.0,1.0,1.0,0.8,Product,Product
1,Detector Tree,350.5,1724.6114778947367,1713.3336090225564,0.9723005684210526,0.9518796992481203,0.8023308270676691,0.8023308270676691,0.8090736842105263,0.9990000000000001,0.9599999999999999,0.9599999999999999,0.03364661654135337,0.02347222456140351,energy,1.0,1.0,1.0,0.8,Product,Product
0,Base Tree,350.5,855.0184278947371,949.4786967418546,0.9639314052631579,0.9484461152882205,0.8887218045112782,0.8887218045112782,0.8991947368421053,0.9990000000000001,0.9599999999999999,0.9599999999999999,0.03827994987468672,0.01981365388471177,energy,1.0,1.0,1.0,0.9,Product,Product
1,Detector Tree,350.5,1845.3015915789474,1829.5305764411025,0.9693265736842105,0.9484461152882205,0.8887218045112782,0.8887218045112782,0.8991947368421053,0.9990000000000001,0.9599999999999999,0.9599999999999999,0.03827994987468672,0.022863336591478694,energy,1.0,1.0,1.0,0.9,Product,Product
0,Base Tree,350.5,879.0000000000003,989.0751879699249,0.9599999999999999,0.9419548872180451,1.0,1.0,1.0,0.9990000000000001,0.9599999999999999,0.9599999999999999,0.0,0.02315789473684208,energy,1.0,1.0,1.0,1.0,Product,Product
1,Detector Tree,350.5,1980.3,1979.0977443609022,0.966,0.9419548872180451,1.0,1.0,1.0,0.9990000000000001,0.9599999999999999,0.9599999999999999,0.0,0.02669172932330825,energy,1.0,1.0,1.0,1.0,Product,Product
0,Base Tree,350.5,641.1,635.0,0.9990000000000001,1.0,0.0,0.0,0.0,0.9990000000000001,0.09266666666666666,0.064,0.0,0.0009999999999998899,energy,1.0,1.0,1.0,0.0,Art,noise
1,Detector Tree,350.5,641.1,635.0,0.9990000000000001,1.0,0.0,0.0,0.0,0.9990000000000001,0.09266666666666666,0.064,0.0,0.0009999999999998899,energy,1.0,1.0,1.0,0.0,Art,noise
0,Base Tree,350.5,1296.7972989557227,1253.7142857142858,0.8915086395154553,0.8985714285714287,0.11390977443609024,0.11390977443609024,0.11860025062656641,0.9990000000000001,0.09266666666666666,0.064,0.023348120300751878,0.014176023642439447,energy,1.0,1.0,1.0,0.1,Art,noise
1,Detector Tree,350.5,794.7466246867169,783.365037593985,0.8914295726817043,0.8985714285714287,0.11390977443609024,0.11390977443609024,0.11860025062656641,0.9990000000000001,0.09266666666666666,0.064,0.023348120300751878,0.014208818796992498,energy,1.0,1.0,1.0,0.1,Art,noise
0,Base Tree,350.5,1733.2822078111947,1735.5989974937343,0.8199537364243943,0.8195739348370927,0.19290726817042606,0.19290726817042606,0.19755012531328323,0.9990000000000001,0.09266666666666666,0.064,0.038293483709273185,0.028638110025062658,energy,1.0,1.0,1.0,0.2,Art,noise
1,Detector Tree,350.5,897.0261873433584,885.8247869674186,0.8198220363408522,0.8195739348370927,0.19290726817042606,0.19290726817042606,0.19755012531328323,0.9990000000000001,0.09266666666666666,0.064,0.038293483709273185,0.02862099774436091,energy,1.0,1.0,1.0,0.2,Art,noise
0,Base Tree,350.5,2374.92652449457,2417.6065162907266,0.7147661435254804,0.7077694235588972,0.31147869674185463,0.31147869674185463,0.31360852130325817,0.9990000000000001,0.09266666666666666,0.064,0.02129974937343357,0.019212632080200492,energy,1.0,1.0,1.0,0.30000000000000004,Art,noise
1,Detector Tree,350.5,1047.379839348371,1039.950275689223,0.7145570711779448,0.7077694235588972,0.31147869674185463,0.31147869674185463,0.31360852130325817,0.9990000000000001,0.09266666666666666,0.064,0.02129974937343357,0.019196441604010014,energy,1.0,1.0,1.0,0.30000000000000004,Art,noise
0,Base Tree,350.5,2930.764789097744,3003.7568922305763,0.6236451165413535,0.6116791979949875,0.412781954887218,0.412781954887218,0.4141466165413534,0.9990000000000001,0.09266666666666666,0.064,0.033883458646616536,0.027939646031746018,energy,1.0,1.0,1.0,0.4,Art,noise
1,Detector Tree,350.5,1177.6269417293233,1171.6012531328322,0.6233690187969925,0.6116791979949875,0.412781954887218,0.412781954887218,0.4141466165413534,0.9990000000000001,0.09266666666666666,0.064,0.033883458646616536,0.027876322055137837,energy,1.0,1.0,1.0,0.4,Art,noise
0,Base Tree,350.5,3396.5888664243944,3526.308270676692,0.5472805137009189,0.5260150375939849,0.5024812030075189,0.5024812030075189,0.4984032581453634,0.9990000000000001,0.09266666666666666,0.064,0.02028345864661655,0.03027404202172096,energy,1.0,1.0,1.0,0.5,Art,noise
1,Detector Tree,350.5,1286.7814209273183,1288.142932330827,0.5469482448621553,0.5260150375939849,0.5024812030075189,0.5024812030075189,0.4984032581453634,0.9990000000000001,0.09266666666666666,0.064,0.02028345864661655,0.0301115917293233,energy,1.0,1.0,1.0,0.5,Art,noise
0,Base Tree,350.5,3880.068544235589,3972.4185463659146,0.46802155012531327,0.45288220551378444,0.587218045112782,0.587218045112782,0.5858533834586467,0.9990000000000001,0.09266666666666666,0.064,0.03388345864661656,0.03145101996658312,energy,1.0,1.0,1.0,0.6000000000000001,Art,noise
1,Detector Tree,350.5,1400.073058270677,1398.6268170426065,0.46763098120300756,0.45288220551378444,0.587218045112782,0.587218045112782,0.5858533834586467,0.9990000000000001,0.09266666666666666,0.064,0.03388345864661656,0.031341718546365915,energy,1.0,1.0,1.0,0.6000000000000001,Art,noise
0,Base Tree,350.5,4435.906808838764,4558.568922305764,0.3769005231411863,0.3567919799498747,0.6885213032581453,0.6885213032581453,0.6863914786967419,0.9990000000000001,0.09266666666666666,0.064,0.021299749373433596,0.02621627769423559,energy,1.0,1.0,1.0,0.7000000000000001,Art,noise
1,Detector Tree,350.5,1530.320160651629,1530.2777944862155,0.3764429288220551,0.3567919799498747,0.6885213032581453,0.6885213032581453,0.6863914786967419,0.9990000000000001,0.09266666666666666,0.064,0.021299749373433596,0.02594369974937343,energy,1.0,1.0,1.0,0.7000000000000001,Art,noise
0,Base Tree,350.5,5077.551125522138,5240.576441102757,0.27171293024227233,0.2449874686716792,0.8070927318295739,0.8070927318295739,0.8024498746867168,0.9990000000000001,0.09266666666666666,0.064,0.03829348370927318,0.03653346390977443,energy,1.0,1.0,1.0,0.8,Art,noise
1,Detector Tree,350.5,1680.6738126566418,1684.4032832080202,0.27117796365914787,0.2449874686716792,0.8070927318295739,0.8070927318295739,0.8024498746867168,0.9990000000000001,0.09266666666666666,0.064,0.03829348370927318,0.03628416165413534,energy,1.0,1.0,1.0,0.8,Art,noise
0,Base Tree,350.5,5514.03603437761,5722.461152882205,0.20015802715121134,0.16598997493734338,0.8860902255639098,0.8860902255639098,0.8813997493734336,0.9990000000000001,0.09266666666666666,0.064,0.0233481203007519,0.0351009693400167,energy,1.0,1.0,1.0,0.9,Art,noise
1,Detector Tree,350.5,1782.9533753132835,1786.8630325814536,0.19957042731829575,0.16598997493734338,0.8860902255639098,0.8860902255639098,0.8813997493734336,0.9990000000000001,0.09266666666666666,0.064,0.0233481203007519,0.03459838571428571,energy,1.0,1.0,1.0,0.9,Art,noise
0,Base Tree,350.5,6169.733333333334,6341.175438596491,0.09266666666666666,0.06456140350877193,1.0,1.0,1.0,0.9990000000000001,0.09266666666666666,0.064,0.0,0.028599832915622386,energy,1.0,1.0,1.0,1.0,Art,noise
1,Detector Tree,350.5,1936.5999999999997,1935.2280701754387,0.092,0.06456140350877193,1.0,1.0,1.0,0.9990000000000001,0.09266666666666666,0.064,0.0,0.02795989974937343,energy,1.0,1.0,1.0,1.0,Art,noise
0,Base Tree,350.5,641.1,635.0,0.9990000000000001,1.0,0.0,0.0,0.0,0.9990000000000001,0.09266666666666666,0.014999999999999998,0.0,0.0009999999999998899,energy,1.0,1.0,1.0,0.0,Clipart,noise
1,Detector Tree,350.5,641.1,635.0,0.9990000000000001,1.0,0.0,0.0,0.0,0.9990000000000001,0.09266666666666666,0.014999999999999998,0.0,0.0009999999999998899,energy,1.0,1.0,1.0,0.0,Clipart,noise
0,Base Tree,350.5,1296.7972989557227,1329.8496240601503,0.8915086395154553,0.8860902255639098,0.11390977443609024,0.11390977443609024,0.11860025062656641,0.9990000000000001,0.09266666666666666,0.014999999999999998,0.023348120300751878,0.0158321918964077,energy,1.0,1.0,1.0,0.1,Clipart,noise
1,Detector Tree,350.5,794.7466246867169,782.740977443609,0.8914295726817043,0.8860902255639098,0.11390977443609024,0.11390977443609024,0.11860025062656641,0.9990000000000001,0.09266666666666666,0.014999999999999998,0.023348120300751878,0.01581668746867169,energy,1.0,1.0,1.0,0.1,Clipart,noise
0,Base Tree,350.5,1733.2822078111947,1811.734335839599,0.8199537364243943,0.8070927318295739,0.19290726817042606,0.19290726817042606,0.19755012531328323,0.9990000000000001,0.09266666666666666,0.014999999999999998,0.038293483709273185,0.030937822472848788,energy,1.0,1.0,1.0,0.2,Clipart,noise
1,Detector Tree,350.5,897.0261873433584,885.2007268170427,0.8198220363408522,0.8070927318295739,0.19290726817042606,0.19290726817042606,0.19755012531328323,0.9990000000000001,0.09266666666666666,0.014999999999999998,0.038293483709273185,0.03089121679197996,energy,1.0,1.0,1.0,0.2,Clipart,noise
0,Base Tree,350.5,2374.92652449457,2519.7318295739346,0.7147661435254804,0.6910275689223059,0.31147869674185463,0.31147869674185463,0.31360852130325817,0.9990000000000001,0.09266666666666666,0.014999999999999998,0.02129974937343357,0.027616126817042584,energy,1.0,1.0,1.0,0.30000000000000004,Clipart,noise
1,Detector Tree,350.5,1047.379839348371,1039.1131829573935,0.7145570711779448,0.6910275689223059,0.31147869674185463,0.31147869674185463,0.31360852130325817,0.9990000000000001,0.09266666666666666,0.014999999999999998,0.02129974937343357,0.02748045162907266,energy,1.0,1.0,1.0,0.30000000000000004,Clipart,noise
0,Base Tree,350.5,2930.764789097744,3132.1779448621555,0.6236451165413535,0.59062656641604,0.412781954887218,0.412781954887218,0.4141466165413534,0.9990000000000001,0.09266666666666666,0.014999999999999998,0.033883458646616536,0.03851868178780284,energy,1.0,1.0,1.0,0.4,Clipart,noise
1,Detector Tree,350.5,1177.6269417293233,1170.5486215538847,0.6233690187969925,0.59062656641604,0.412781954887218,0.412781954887218,0.4141466165413534,0.9990000000000001,0.09266666666666666,0.014999999999999998,0.033883458646616536,0.03834808145363409,energy,1.0,1.0,1.0,0.4,Clipart,noise
0,Base Tree,350.5,3396.5888664243944,3679.34335839599,0.5472805137009189,0.5009273182957393,0.5024812030075189,0.5024812030075189,0.4984032581453634,0.9990000000000001,0.09266666666666666,0.014999999999999998,0.02028345864661655,0.04880537435254802,energy,1.0,1.0,1.0,0.5,Clipart,noise
1,Detector Tree,350.5,1286.7814209273183,1286.8885463659149,0.5469482448621553,0.5009273182957393,0.5024812030075189,0.5024812030075189,0.4984032581453634,0.9990000000000001,0.09266666666666666,0.014999999999999998,0.02028345864661655,0.048537600250626554,energy,1.0,1.0,1.0,0.5,Clipart,noise
0,Base Tree,350.5,3880.068544235589,4106.3433583959895,0.46802155012531327,0.4309273182957393,0.587218045112782,0.587218045112782,0.5858533834586467,0.9990000000000001,0.09266666666666666,0.014999999999999998,0.03388345864661656,0.04743314511278195,energy,1.0,1.0,1.0,0.6000000000000001,Clipart,noise
1,Detector Tree,350.5,1400.073058270677,1397.5290726817043,0.46763098120300756,0.4309273182957393,0.587218045112782,0.587218045112782,0.5858533834586467,0.9990000000000001,0.09266666666666666,0.014999999999999998,0.03388345864661656,0.04717293007518797,energy,1.0,1.0,1.0,0.6000000000000001,Clipart,noise
0,Base Tree,350.5,4435.906808838764,4718.789473684211,0.3769005231411863,0.33052631578947367,0.6885213032581453,0.6885213032581453,0.6863914786967419,0.9990000000000001,0.09266666666666666,0.014999999999999998,0.021299749373433596,0.05178169306599832,energy,1.0,1.0,1.0,0.7000000000000001,Clipart,noise
1,Detector Tree,350.5,1530.320160651629,1528.9645112781955,0.3764429288220551,0.33052631578947367,0.6885213032581453,0.6885213032581453,0.6863914786967419,0.9990000000000001,0.09266666666666666,0.014999999999999998,0.021299749373433596,0.05145842055137844,energy,1.0,1.0,1.0,0.7000000000000001,Clipart,noise
0,Base Tree,350.5,5077.551125522138,5426.786967418547,0.27171293024227233,0.21446115288220552,0.8070927318295739,0.8070927318295739,0.8024498746867168,0.9990000000000001,0.09266666666666666,0.014999999999999998,0.03829348370927318,0.058160016457811194,energy,1.0,1.0,1.0,0.8,Clipart,noise
1,Detector Tree,350.5,1680.6738126566418,1682.8769674185464,0.27117796365914787,0.21446115288220552,0.8070927318295739,0.8070927318295739,0.8024498746867168,0.9990000000000001,0.09266666666666666,0.014999999999999998,0.03829348370927318,0.05768783934837093,energy,1.0,1.0,1.0,0.8,Clipart,noise
0,Base Tree,350.5,5514.03603437761,5908.671679197995,0.20015802715121134,0.13546365914786967,0.8860902255639098,0.8860902255639098,0.8813997493734336,0.9990000000000001,0.09266666666666666,0.014999999999999998,0.0233481203007519,0.06469436800334168,energy,1.0,1.0,1.0,0.9,Clipart,noise
1,Detector Tree,350.5,1782.9533753132835,1785.3367167919798,0.19957042731829575,0.13546365914786967,0.8860902255639098,0.8860902255639098,0.8813997493734336,0.9990000000000001,0.09266666666666666,0.014999999999999998,0.0233481203007519,0.06410676817042606,energy,1.0,1.0,1.0,0.9,Clipart,noise
0,Base Tree,350.5,6169.733333333334,6603.521303258145,0.09266666666666666,0.021553884711779447,1.0,1.0,1.0,0.9990000000000001,0.09266666666666666,0.014999999999999998,0.0,0.07111278195488721,energy,1.0,1.0,1.0,1.0,Clipart,noise
1,Detector Tree,350.5,1936.5999999999997,1933.077694235589,0.092,0.021553884711779447,1.0,1.0,1.0,0.9990000000000001,0.09266666666666666,0.014999999999999998,0.0,0.07044611528822055,energy,1.0,1.0,1.0,1.0,Clipart,noise
0,Base Tree,350.5,641.1,635.0,0.9990000000000001,1.0,0.0,0.0,0.0,0.9990000000000001,0.09266666666666666,0.9599999999999999,0.0,0.0009999999999998899,energy,1.0,1.0,1.0,0.0,Product,noise
1,Detector Tree,350.5,641.1,635.0,0.9990000000000001,1.0,0.0,0.0,0.0,0.9990000000000001,0.09266666666666666,0.9599999999999999,0.0,0.0009999999999998899,energy,1.0,1.0,1.0,0.0,Product,noise
0,Base Tree,350.5,1296.7972989557227,660.3784461152882,0.8915086395154553,0.9958395989974936,0.11390977443609024,0.11390977443609024,0.11860025062656641,0.9990000000000001,0.09266666666666666,0.9599999999999999,0.023348120300751878,0.10433095948203841,energy,1.0,1.0,1.0,0.1,Product,noise
1,Detector Tree,350.5,794.7466246867169,788.2284461152883,0.8914295726817043,0.9958395989974936,0.11390977443609024,0.11390977443609024,0.11860025062656641,0.9990000000000001,0.09266666666666666,0.9599999999999999,0.023348120300751878,0.10441002631578947,energy,1.0,1.0,1.0,0.1,Product,noise
0,Base Tree,350.5,1733.2822078111947,687.2857142857143,0.8199537364243943,0.9914285714285714,0.19290726817042606,0.19290726817042606,0.19755012531328323,0.9990000000000001,0.09266666666666666,0.9599999999999999,0.038293483709273185,0.1714748350041771,energy,1.0,1.0,1.0,0.2,Product,noise
1,Detector Tree,350.5,897.0261873433584,894.4175187969926,0.8198220363408522,0.9914285714285714,0.19290726817042606,0.19290726817042606,0.19755012531328323,0.9990000000000001,0.09266666666666666,0.9599999999999999,0.038293483709273185,0.17160653508771925,energy,1.0,1.0,1.0,0.2,Product,noise
0,Base Tree,350.5,2374.92652449457,737.2781954887218,0.7147661435254804,0.9832330827067669,0.31147869674185463,0.31147869674185463,0.31360852130325817,0.9990000000000001,0.09266666666666666,0.9599999999999999,0.02129974937343357,0.26846693918128656,energy,1.0,1.0,1.0,0.30000000000000004,Product,noise
1,Detector Tree,350.5,1047.379839348371,1053.7234586466166,0.7145570711779448,0.9832330827067669,0.31147869674185463,0.31147869674185463,0.31360852130325817,0.9990000000000001,0.09266666666666666,0.9599999999999999,0.02129974937343357,0.2686760115288221,energy,1.0,1.0,1.0,0.30000000000000004,Product,noise
0,Base Tree,350.5,2930.764789097744,742.9348370927319,0.6236451165413535,0.9823057644110276,0.412781954887218,0.412781954887218,0.4141466165413534,0.9990000000000001,0.09266666666666666,0.9599999999999999,0.033883458646616536,0.35866064786967417,energy,1.0,1.0,1.0,0.4,Product,noise
1,Detector Tree,350.5,1177.6269417293233,1190.1325814536342,0.6233690187969925,0.9823057644110276,0.412781954887218,0.412781954887218,0.4141466165413534,0.9990000000000001,0.09266666666666666,0.9599999999999999,0.033883458646616536,0.35893674561403505,energy,1.0,1.0,1.0,0.4,Product,noise
0,Base Tree,350.5,3396.5888664243944,804.0877192982456,0.5472805137009189,0.972280701754386,0.5024812030075189,0.5024812030075189,0.4984032581453634,0.9990000000000001,0.09266666666666666,0.9599999999999999,0.02028345864661655,0.42500018805346695,energy,1.0,1.0,1.0,0.5,Product,noise
1,Detector Tree,350.5,1286.7814209273183,1310.4562155388471,0.5469482448621553,0.972280701754386,0.5024812030075189,0.5024812030075189,0.4984032581453634,0.9990000000000001,0.09266666666666666,0.9599999999999999,0.02028345864661655,0.42533245689223054,energy,1.0,1.0,1.0,0.5,Product,noise
0,Base Tree,350.5,3880.068544235589,869.5213032581454,0.46802155012531327,0.9615538847117794,0.587218045112782,0.587218045112782,0.5858533834586467,0.9990000000000001,0.09266666666666666,0.9599999999999999,0.03388345864661656,0.49353233458646617,energy,1.0,1.0,1.0,0.6000000000000001,Product,noise
1,Detector Tree,350.5,1400.073058270677,1424.0604010025063,0.46763098120300756,0.9615538847117794,0.587218045112782,0.587218045112782,0.5858533834586467,0.9990000000000001,0.09266666666666666,0.9599999999999999,0.03388345864661656,0.4939229035087719,energy,1.0,1.0,1.0,0.6000000000000001,Product,noise
0,Base Tree,350.5,4435.906808838764,875.1779448621554,0.3769005231411863,0.96062656641604,0.6885213032581453,0.6885213032581453,0.6863914786967419,0.9990000000000001,0.09266666666666666,0.9599999999999999,0.021299749373433596,0.5837260432748538,energy,1.0,1.0,1.0,0.7000000000000001,Product,noise
1,Detector Tree,350.5,1530.320160651629,1560.4695238095237,0.3764429288220551,0.96062656641604,0.6885213032581453,0.6885213032581453,0.6863914786967419,0.9990000000000001,0.09266666666666666,0.9599999999999999,0.021299749373433596,0.584183637593985,energy,1.0,1.0,1.0,0.7000000000000001,Product,noise
0,Base Tree,350.5,5077.551125522138,925.1704260651629,0.27171293024227233,0.9524310776942355,0.8070927318295739,0.8070927318295739,0.8024498746867168,0.9990000000000001,0.09266666666666666,0.9599999999999999,0.03829348370927318,0.6807181474519632,energy,1.0,1.0,1.0,0.8,Product,noise
1,Detector Tree,350.5,1680.6738126566418,1719.775463659148,0.27117796365914787,0.9524310776942355,0.8070927318295739,0.8070927318295739,0.8024498746867168,0.9990000000000001,0.09266666666666666,0.9599999999999999,0.03829348370927318,0.6812531140350877,energy,1.0,1.0,1.0,0.8,Product,noise
0,Base Tree,350.5,5514.03603437761,952.077694235589,0.20015802715121134,0.9480200501253132,0.8860902255639098,0.8860902255639098,0.8813997493734336,0.9990000000000001,0.09266666666666666,0.9599999999999999,0.0233481203007519,0.747862022974102,energy,1.0,1.0,1.0,0.9,Product,noise
1,Detector Tree,350.5,1782.9533753132835,1825.964536340852,0.19957042731829575,0.9480200501253132,0.8860902255639098,0.8860902255639098,0.8813997493734336,0.9990000000000001,0.09266666666666666,0.9599999999999999,0.0233481203007519,0.7484496228070175,energy,1.0,1.0,1.0,0.9,Product,noise
0,Base Tree,350.5,6169.733333333334,977.4561403508771,0.09266666666666666,0.943859649122807,1.0,1.0,1.0,0.9990000000000001,0.09266666666666666,0.9599999999999999,0.0,0.8511929824561403,energy,1.0,1.0,1.0,1.0,Product,noise
1,Detector Tree,350.5,1936.5999999999997,1979.1929824561403,0.092,0.943859649122807,1.0,1.0,1.0,0.9990000000000001,0.09266666666666666,0.9599999999999999,0.0,0.851859649122807,energy,1.0,1.0,1.0,1.0,Product,noise
